image_path,ref_mask_path,gt_path,condition,condition_id,lat,lon,invalid_mask
/home/rvl1421/Datasets/ACDC/rgb_anon/fog/train/GOPR0475/GOPR0475_frame_000041_rgb_anon.png,/home/rvl1421/Datasets/ACDC/gt_trainval_ref/gt/fog/train_ref/GOPR0475/GOPR0475_frame_000041_gt_ref_labelColor.png,/home/rvl1421/Datasets/ACDC/gt_trainval/gt/fog/train/GOPR0475/GOPR0475_frame_000041_gt_labelTrainIds.png,fog,0,0.0,0.0,/home/rvl1421/Datasets/ACDC/gt_trainval/gt/fog/train/GOPR0475/GOPR0475_frame_000041_gt_invIds.png
/home/rvl1421/Datasets/ACDC/rgb_anon/fog/train/GOPR0475/GOPR0475_frame_000096_rgb_anon.png,/home/rvl1421/Datasets/ACDC/gt_trainval_ref/gt/fog/train_ref/GOPR0475/GOPR0475_frame_000096_gt_ref_labelColor.png,/home/rvl1421/Datasets/ACDC/gt_trainval/gt/fog/train/GOPR0475/GOPR0475_frame_000096_gt_labelTrainIds.png,fog,0,0.0,0.0,/home/rvl1421/Datasets/ACDC/gt_trainval/gt/fog/train/GOPR0475/GOPR0475_frame_000096_gt_invIds.png
/home/rvl1421/Datasets/ACDC/rgb_anon/fog/train/GOPR0475/GOPR0475_frame_000122_rgb_anon.png,/home/rvl1421/Datasets/ACDC/gt_trainval_ref/gt/fog/train_ref/GOPR0475/GOPR0475_frame_000122_gt_ref_labelColor.png,/home/rvl1421/Datasets/ACDC/gt_trainval/gt/fog/train/GOPR0475/GOPR0475_frame_000122_gt_labelTrainIds.png,fog,0,0.0,0.0,/home/rvl1421/Datasets/ACDC/gt_trainval/gt/fog/train/GOPR0475/GOPR0475_frame_000122_gt_invIds.png
/home/rvl1421/Datasets/ACDC/rgb_anon/fog/train/GOPR0475/GOPR0475_frame_000135_rgb_anon.png,/home/rvl1421/Datasets/ACDC/gt_trainval_ref/gt/fog/train_ref/GOPR0475/GOPR0475_frame_000135_gt_ref_labelColor.png,/home/rvl1421/Datasets/ACDC/gt_trainval/gt/fog/train/GOPR0475/GOPR0475_frame_000135_gt_labelTrainIds.png,fog,0,0.0,0.0,/home/rvl1421/Datasets/ACDC/gt_trainval/gt/fog/train/GOPR0475/GOPR0475_frame_000135_gt_invIds.png
/home/rvl1421/Datasets/ACDC/rgb_anon/fog/train/GOPR0475/GOPR0475_frame_000154_rgb_anon.png,/home/rvl1421/Datasets/ACDC/gt_trainval_ref/gt/fog/train_ref/GOPR0475/GOPR0475_frame_000154_gt_ref_labelColor.png,/home/rvl1421/Datasets/ACDC/gt_trainval/gt/fog/train/GOPR0475/GOPR0475_frame_000154_gt_labelTrainIds.png,fog,0,0.0,0.0,/home/rvl1421/Datasets/ACDC/gt_trainval/gt/fog/train/GOPR0475/GOPR0475_frame_000154_gt_invIds.png
/home/rvl1421/Datasets/ACDC/rgb_anon/fog/train/GOPR0475/GOPR0475_frame_000168_rgb_anon.png,/home/rvl1421/Datasets/ACDC/gt_trainval_ref/gt/fog/train_ref/GOPR0475/GOPR0475_frame_000168_gt_ref_labelColor.png,/home/rvl1421/Datasets/ACDC/gt_trainval/gt/fog/train/GOPR0475/GOPR0475_frame_000168_gt_labelTrainIds.png,fog,0,0.0,0.0,/home/rvl1421/Datasets/ACDC/gt_trainval/gt/fog/train/GOPR0475/GOPR0475_frame_000168_gt_invIds.png
/home/rvl1421/Datasets/ACDC/rgb_anon/fog/train/GOPR0475/GOPR0475_frame_000180_rgb_anon.png,/home/rvl1421/Datasets/ACDC/gt_trainval_ref/gt/fog/train_ref/GOPR0475/GOPR0475_frame_000180_gt_ref_labelColor.png,/home/rvl1421/Datasets/ACDC/gt_trainval/gt/fog/train/GOPR0475/GOPR0475_frame_000180_gt_labelTrainIds.png,fog,0,0.0,0.0,/home/rvl1421/Datasets/ACDC/gt_trainval/gt/fog/train/GOPR0475/GOPR0475_frame_000180_gt_invIds.png
/home/rvl1421/Datasets/ACDC/rgb_anon/fog/train/GOPR0475/GOPR0475_frame_000191_rgb_anon.png,/home/rvl1421/Datasets/ACDC/gt_trainval_ref/gt/fog/train_ref/GOPR0475/GOPR0475_frame_000191_gt_ref_labelColor.png,/home/rvl1421/Datasets/ACDC/gt_trainval/gt/fog/train/GOPR0475/GOPR0475_frame_000191_gt_labelTrainIds.png,fog,0,0.0,0.0,/home/rvl1421/Datasets/ACDC/gt_trainval/gt/fog/train/GOPR0475/GOPR0475_frame_000191_gt_invIds.png
/home/rvl1421/Datasets/ACDC/rgb_anon/fog/train/GOPR0475/GOPR0475_frame_000203_rgb_anon.png,/home/rvl1421/Datasets/ACDC/gt_trainval_ref/gt/fog/train_ref/GOPR0475/GOPR0475_frame_000203_gt_ref_labelColor.png,/home/rvl1421/Datasets/ACDC/gt_trainval/gt/fog/train/GOPR0475/GOPR0475_frame_000203_gt_labelTrainIds.png,fog,0,0.0,0.0,/home/rvl1421/Datasets/ACDC/gt_trainval/gt/fog/train/GOPR0475/GOPR0475_frame_000203_gt_invIds.png
/home/rvl1421/Datasets/ACDC/rgb_anon/fog/train/GOPR0475/GOPR0475_frame_000215_rgb_anon.png,/home/rvl1421/Datasets/ACDC/gt_trainval_ref/gt/fog/train_ref/GOPR0475/GOPR0475_frame_000215_gt_ref_labelColor.png,/home/rvl1421/Datasets/ACDC/gt_trainval/gt/fog/train/GOPR0475/GOPR0475_frame_000215_gt_labelTrainIds.png,fog,0,0.0,0.0,/home/rvl1421/Datasets/ACDC/gt_trainval/gt/fog/train/GOPR0475/GOPR0475_frame_000215_gt_invIds.png
/home/rvl1421/Datasets/ACDC/rgb_anon/fog/train/GOPR0476/GOPR0476_frame_000001_rgb_anon.png,/home/rvl1421/Datasets/ACDC/gt_trainval_ref/gt/fog/train_ref/GOPR0476/GOPR0476_frame_000001_gt_ref_labelColor.png,/home/rvl1421/Datasets/ACDC/gt_trainval/gt/fog/train/GOPR0476/GOPR0476_frame_000001_gt_labelTrainIds.png,fog,0,0.0,0.0,/home/rvl1421/Datasets/ACDC/gt_trainval/gt/fog/train/GOPR0476/GOPR0476_frame_000001_gt_invIds.png
/home/rvl1421/Datasets/ACDC/rgb_anon/fog/train/GOPR0476/GOPR0476_frame_000028_rgb_anon.png,/home/rvl1421/Datasets/ACDC/gt_trainval_ref/gt/fog/train_ref/GOPR0476/GOPR0476_frame_000028_gt_ref_labelColor.png,/home/rvl1421/Datasets/ACDC/gt_trainval/gt/fog/train/GOPR0476/GOPR0476_frame_000028_gt_labelTrainIds.png,fog,0,0.0,0.0,/home/rvl1421/Datasets/ACDC/gt_trainval/gt/fog/train/GOPR0476/GOPR0476_frame_000028_gt_invIds.png
/home/rvl1421/Datasets/ACDC/rgb_anon/fog/train/GOPR0476/GOPR0476_frame_000056_rgb_anon.png,/home/rvl1421/Datasets/ACDC/gt_trainval_ref/gt/fog/train_ref/GOPR0476/GOPR0476_frame_000056_gt_ref_labelColor.png,/home/rvl1421/Datasets/ACDC/gt_trainval/gt/fog/train/GOPR0476/GOPR0476_frame_000056_gt_labelTrainIds.png,fog,0,0.0,0.0,/home/rvl1421/Datasets/ACDC/gt_trainval/gt/fog/train/GOPR0476/GOPR0476_frame_000056_gt_invIds.png
/home/rvl1421/Datasets/ACDC/rgb_anon/fog/train/GOPR0476/GOPR0476_frame_000076_rgb_anon.png,/home/rvl1421/Datasets/ACDC/gt_trainval_ref/gt/fog/train_ref/GOPR0476/GOPR0476_frame_000076_gt_ref_labelColor.png,/home/rvl1421/Datasets/ACDC/gt_trainval/gt/fog/train/GOPR0476/GOPR0476_frame_000076_gt_labelTrainIds.png,fog,0,0.0,0.0,/home/rvl1421/Datasets/ACDC/gt_trainval/gt/fog/train/GOPR0476/GOPR0476_frame_000076_gt_invIds.png
/home/rvl1421/Datasets/ACDC/rgb_anon/fog/train/GOPR0476/GOPR0476_frame_000084_rgb_anon.png,/home/rvl1421/Datasets/ACDC/gt_trainval_ref/gt/fog/train_ref/GOPR0476/GOPR0476_frame_000084_gt_ref_labelColor.png,/home/rvl1421/Datasets/ACDC/gt_trainval/gt/fog/train/GOPR0476/GOPR0476_frame_000084_gt_labelTrainIds.png,fog,0,0.0,0.0,/home/rvl1421/Datasets/ACDC/gt_trainval/gt/fog/train/GOPR0476/GOPR0476_frame_000084_gt_invIds.png
/home/rvl1421/Datasets/ACDC/rgb_anon/fog/train/GOPR0476/GOPR0476_frame_000094_rgb_anon.png,/home/rvl1421/Datasets/ACDC/gt_trainval_ref/gt/fog/train_ref/GOPR0476/GOPR0476_frame_000094_gt_ref_labelColor.png,/home/rvl1421/Datasets/ACDC/gt_trainval/gt/fog/train/GOPR0476/GOPR0476_frame_000094_gt_labelTrainIds.png,fog,0,0.0,0.0,/home/rvl1421/Datasets/ACDC/gt_trainval/gt/fog/train/GOPR0476/GOPR0476_frame_000094_gt_invIds.png
/home/rvl1421/Datasets/ACDC/rgb_anon/fog/train/GOPR0476/GOPR0476_frame_000102_rgb_anon.png,/home/rvl1421/Datasets/ACDC/gt_trainval_ref/gt/fog/train_ref/GOPR0476/GOPR0476_frame_000102_gt_ref_labelColor.png,/home/rvl1421/Datasets/ACDC/gt_trainval/gt/fog/train/GOPR0476/GOPR0476_frame_000102_gt_labelTrainIds.png,fog,0,0.0,0.0,/home/rvl1421/Datasets/ACDC/gt_trainval/gt/fog/train/GOPR0476/GOPR0476_frame_000102_gt_invIds.png
/home/rvl1421/Datasets/ACDC/rgb_anon/fog/train/GOPR0476/GOPR0476_frame_000127_rgb_anon.png,/home/rvl1421/Datasets/ACDC/gt_trainval_ref/gt/fog/train_ref/GOPR0476/GOPR0476_frame_000127_gt_ref_labelColor.png,/home/rvl1421/Datasets/ACDC/gt_trainval/gt/fog/train/GOPR0476/GOPR0476_frame_000127_gt_labelTrainIds.png,fog,0,0.0,0.0,/home/rvl1421/Datasets/ACDC/gt_trainval/gt/fog/train/GOPR0476/GOPR0476_frame_000127_gt_invIds.png
/home/rvl1421/Datasets/ACDC/rgb_anon/fog/train/GOPR0476/GOPR0476_frame_000137_rgb_anon.png,/home/rvl1421/Datasets/ACDC/gt_trainval_ref/gt/fog/train_ref/GOPR0476/GOPR0476_frame_000137_gt_ref_labelColor.png,/home/rvl1421/Datasets/ACDC/gt_trainval/gt/fog/train/GOPR0476/GOPR0476_frame_000137_gt_labelTrainIds.png,fog,0,0.0,0.0,/home/rvl1421/Datasets/ACDC/gt_trainval/gt/fog/train/GOPR0476/GOPR0476_frame_000137_gt_invIds.png
/home/rvl1421/Datasets/ACDC/rgb_anon/fog/train/GOPR0476/GOPR0476_frame_000152_rgb_anon.png,/home/rvl1421/Datasets/ACDC/gt_trainval_ref/gt/fog/train_ref/GOPR0476/GOPR0476_frame_000152_gt_ref_labelColor.png,/home/rvl1421/Datasets/ACDC/gt_trainval/gt/fog/train/GOPR0476/GOPR0476_frame_000152_gt_labelTrainIds.png,fog,0,0.0,0.0,/home/rvl1421/Datasets/ACDC/gt_trainval/gt/fog/train/GOPR0476/GOPR0476_frame_000152_gt_invIds.png
/home/rvl1421/Datasets/ACDC/rgb_anon/fog/train/GOPR0476/GOPR0476_frame_000180_rgb_anon.png,/home/rvl1421/Datasets/ACDC/gt_trainval_ref/gt/fog/train_ref/GOPR0476/GOPR0476_frame_000180_gt_ref_labelColor.png,/home/rvl1421/Datasets/ACDC/gt_trainval/gt/fog/train/GOPR0476/GOPR0476_frame_000180_gt_labelTrainIds.png,fog,0,0.0,0.0,/home/rvl1421/Datasets/ACDC/gt_trainval/gt/fog/train/GOPR0476/GOPR0476_frame_000180_gt_invIds.png
/home/rvl1421/Datasets/ACDC/rgb_anon/fog/train/GOPR0476/GOPR0476_frame_000241_rgb_anon.png,/home/rvl1421/Datasets/ACDC/gt_trainval_ref/gt/fog/train_ref/GOPR0476/GOPR0476_frame_000241_gt_ref_labelColor.png,/home/rvl1421/Datasets/ACDC/gt_trainval/gt/fog/train/GOPR0476/GOPR0476_frame_000241_gt_labelTrainIds.png,fog,0,0.0,0.0,/home/rvl1421/Datasets/ACDC/gt_trainval/gt/fog/train/GOPR0476/GOPR0476_frame_000241_gt_invIds.png
/home/rvl1421/Datasets/ACDC/rgb_anon/fog/train/GOPR0476/GOPR0476_frame_000251_rgb_anon.png,/home/rvl1421/Datasets/ACDC/gt_trainval_ref/gt/fog/train_ref/GOPR0476/GOPR0476_frame_000251_gt_ref_labelColor.png,/home/rvl1421/Datasets/ACDC/gt_trainval/gt/fog/train/GOPR0476/GOPR0476_frame_000251_gt_labelTrainIds.png,fog,0,0.0,0.0,/home/rvl1421/Datasets/ACDC/gt_trainval/gt/fog/train/GOPR0476/GOPR0476_frame_000251_gt_invIds.png
/home/rvl1421/Datasets/ACDC/rgb_anon/fog/train/GOPR0476/GOPR0476_frame_000259_rgb_anon.png,/home/rvl1421/Datasets/ACDC/gt_trainval_ref/gt/fog/train_ref/GOPR0476/GOPR0476_frame_000259_gt_ref_labelColor.png,/home/rvl1421/Datasets/ACDC/gt_trainval/gt/fog/train/GOPR0476/GOPR0476_frame_000259_gt_labelTrainIds.png,fog,0,0.0,0.0,/home/rvl1421/Datasets/ACDC/gt_trainval/gt/fog/train/GOPR0476/GOPR0476_frame_000259_gt_invIds.png
/home/rvl1421/Datasets/ACDC/rgb_anon/fog/train/GOPR0476/GOPR0476_frame_000284_rgb_anon.png,/home/rvl1421/Datasets/ACDC/gt_trainval_ref/gt/fog/train_ref/GOPR0476/GOPR0476_frame_000284_gt_ref_labelColor.png,/home/rvl1421/Datasets/ACDC/gt_trainval/gt/fog/train/GOPR0476/GOPR0476_frame_000284_gt_labelTrainIds.png,fog,0,0.0,0.0,/home/rvl1421/Datasets/ACDC/gt_trainval/gt/fog/train/GOPR0476/GOPR0476_frame_000284_gt_invIds.png
/home/rvl1421/Datasets/ACDC/rgb_anon/fog/train/GOPR0476/GOPR0476_frame_000311_rgb_anon.png,/home/rvl1421/Datasets/ACDC/gt_trainval_ref/gt/fog/train_ref/GOPR0476/GOPR0476_frame_000311_gt_ref_labelColor.png,/home/rvl1421/Datasets/ACDC/gt_trainval/gt/fog/train/GOPR0476/GOPR0476_frame_000311_gt_labelTrainIds.png,fog,0,0.0,0.0,/home/rvl1421/Datasets/ACDC/gt_trainval/gt/fog/train/GOPR0476/GOPR0476_frame_000311_gt_invIds.png
/home/rvl1421/Datasets/ACDC/rgb_anon/fog/train/GOPR0476/GOPR0476_frame_000351_rgb_anon.png,/home/rvl1421/Datasets/ACDC/gt_trainval_ref/gt/fog/train_ref/GOPR0476/GOPR0476_frame_000351_gt_ref_labelColor.png,/home/rvl1421/Datasets/ACDC/gt_trainval/gt/fog/train/GOPR0476/GOPR0476_frame_000351_gt_labelTrainIds.png,fog,0,0.0,0.0,/home/rvl1421/Datasets/ACDC/gt_trainval/gt/fog/train/GOPR0476/GOPR0476_frame_000351_gt_invIds.png
/home/rvl1421/Datasets/ACDC/rgb_anon/fog/train/GOPR0476/GOPR0476_frame_000362_rgb_anon.png,/home/rvl1421/Datasets/ACDC/gt_trainval_ref/gt/fog/train_ref/GOPR0476/GOPR0476_frame_000362_gt_ref_labelColor.png,/home/rvl1421/Datasets/ACDC/gt_trainval/gt/fog/train/GOPR0476/GOPR0476_frame_000362_gt_labelTrainIds.png,fog,0,0.0,0.0,/home/rvl1421/Datasets/ACDC/gt_trainval/gt/fog/train/GOPR0476/GOPR0476_frame_000362_gt_invIds.png
/home/rvl1421/Datasets/ACDC/rgb_anon/fog/train/GOPR0476/GOPR0476_frame_000382_rgb_anon.png,/home/rvl1421/Datasets/ACDC/gt_trainval_ref/gt/fog/train_ref/GOPR0476/GOPR0476_frame_000382_gt_ref_labelColor.png,/home/rvl1421/Datasets/ACDC/gt_trainval/gt/fog/train/GOPR0476/GOPR0476_frame_000382_gt_labelTrainIds.png,fog,0,0.0,0.0,/home/rvl1421/Datasets/ACDC/gt_trainval/gt/fog/train/GOPR0476/GOPR0476_frame_000382_gt_invIds.png
/home/rvl1421/Datasets/ACDC/rgb_anon/fog/train/GOPR0476/GOPR0476_frame_000394_rgb_anon.png,/home/rvl1421/Datasets/ACDC/gt_trainval_ref/gt/fog/train_ref/GOPR0476/GOPR0476_frame_000394_gt_ref_labelColor.png,/home/rvl1421/Datasets/ACDC/gt_trainval/gt/fog/train/GOPR0476/GOPR0476_frame_000394_gt_labelTrainIds.png,fog,0,0.0,0.0,/home/rvl1421/Datasets/ACDC/gt_trainval/gt/fog/train/GOPR0476/GOPR0476_frame_000394_gt_invIds.png
/home/rvl1421/Datasets/ACDC/rgb_anon/fog/train/GOPR0476/GOPR0476_frame_000416_rgb_anon.png,/home/rvl1421/Datasets/ACDC/gt_trainval_ref/gt/fog/train_ref/GOPR0476/GOPR0476_frame_000416_gt_ref_labelColor.png,/home/rvl1421/Datasets/ACDC/gt_trainval/gt/fog/train/GOPR0476/GOPR0476_frame_000416_gt_labelTrainIds.png,fog,0,0.0,0.0,/home/rvl1421/Datasets/ACDC/gt_trainval/gt/fog/train/GOPR0476/GOPR0476_frame_000416_gt_invIds.png
/home/rvl1421/Datasets/ACDC/rgb_anon/fog/train/GOPR0476/GOPR0476_frame_000429_rgb_anon.png,/home/rvl1421/Datasets/ACDC/gt_trainval_ref/gt/fog/train_ref/GOPR0476/GOPR0476_frame_000429_gt_ref_labelColor.png,/home/rvl1421/Datasets/ACDC/gt_trainval/gt/fog/train/GOPR0476/GOPR0476_frame_000429_gt_labelTrainIds.png,fog,0,0.0,0.0,/home/rvl1421/Datasets/ACDC/gt_trainval/gt/fog/train/GOPR0476/GOPR0476_frame_000429_gt_invIds.png
/home/rvl1421/Datasets/ACDC/rgb_anon/fog/train/GOPR0476/GOPR0476_frame_000456_rgb_anon.png,/home/rvl1421/Datasets/ACDC/gt_trainval_ref/gt/fog/train_ref/GOPR0476/GOPR0476_frame_000456_gt_ref_labelColor.png,/home/rvl1421/Datasets/ACDC/gt_trainval/gt/fog/train/GOPR0476/GOPR0476_frame_000456_gt_labelTrainIds.png,fog,0,0.0,0.0,/home/rvl1421/Datasets/ACDC/gt_trainval/gt/fog/train/GOPR0476/GOPR0476_frame_000456_gt_invIds.png
/home/rvl1421/Datasets/ACDC/rgb_anon/fog/train/GOPR0476/GOPR0476_frame_000469_rgb_anon.png,/home/rvl1421/Datasets/ACDC/gt_trainval_ref/gt/fog/train_ref/GOPR0476/GOPR0476_frame_000469_gt_ref_labelColor.png,/home/rvl1421/Datasets/ACDC/gt_trainval/gt/fog/train/GOPR0476/GOPR0476_frame_000469_gt_labelTrainIds.png,fog,0,0.0,0.0,/home/rvl1421/Datasets/ACDC/gt_trainval/gt/fog/train/GOPR0476/GOPR0476_frame_000469_gt_invIds.png
/home/rvl1421/Datasets/ACDC/rgb_anon/fog/train/GOPR0476/GOPR0476_frame_000481_rgb_anon.png,/home/rvl1421/Datasets/ACDC/gt_trainval_ref/gt/fog/train_ref/GOPR0476/GOPR0476_frame_000481_gt_ref_labelColor.png,/home/rvl1421/Datasets/ACDC/gt_trainval/gt/fog/train/GOPR0476/GOPR0476_frame_000481_gt_labelTrainIds.png,fog,0,0.0,0.0,/home/rvl1421/Datasets/ACDC/gt_trainval/gt/fog/train/GOPR0476/GOPR0476_frame_000481_gt_invIds.png
/home/rvl1421/Datasets/ACDC/rgb_anon/fog/train/GOPR0476/GOPR0476_frame_000508_rgb_anon.png,/home/rvl1421/Datasets/ACDC/gt_trainval_ref/gt/fog/train_ref/GOPR0476/GOPR0476_frame_000508_gt_ref_labelColor.png,/home/rvl1421/Datasets/ACDC/gt_trainval/gt/fog/train/GOPR0476/GOPR0476_frame_000508_gt_labelTrainIds.png,fog,0,0.0,0.0,/home/rvl1421/Datasets/ACDC/gt_trainval/gt/fog/train/GOPR0476/GOPR0476_frame_000508_gt_invIds.png
/home/rvl1421/Datasets/ACDC/rgb_anon/fog/train/GOPR0476/GOPR0476_frame_000523_rgb_anon.png,/home/rvl1421/Datasets/ACDC/gt_trainval_ref/gt/fog/train_ref/GOPR0476/GOPR0476_frame_000523_gt_ref_labelColor.png,/home/rvl1421/Datasets/ACDC/gt_trainval/gt/fog/train/GOPR0476/GOPR0476_frame_000523_gt_labelTrainIds.png,fog,0,0.0,0.0,/home/rvl1421/Datasets/ACDC/gt_trainval/gt/fog/train/GOPR0476/GOPR0476_frame_000523_gt_invIds.png
/home/rvl1421/Datasets/ACDC/rgb_anon/fog/train/GOPR0476/GOPR0476_frame_000594_rgb_anon.png,/home/rvl1421/Datasets/ACDC/gt_trainval_ref/gt/fog/train_ref/GOPR0476/GOPR0476_frame_000594_gt_ref_labelColor.png,/home/rvl1421/Datasets/ACDC/gt_trainval/gt/fog/train/GOPR0476/GOPR0476_frame_000594_gt_labelTrainIds.png,fog,0,0.0,0.0,/home/rvl1421/Datasets/ACDC/gt_trainval/gt/fog/train/GOPR0476/GOPR0476_frame_000594_gt_invIds.png
/home/rvl1421/Datasets/ACDC/rgb_anon/fog/train/GOPR0477/GOPR0477_frame_000010_rgb_anon.png,/home/rvl1421/Datasets/ACDC/gt_trainval_ref/gt/fog/train_ref/GOPR0477/GOPR0477_frame_000010_gt_ref_labelColor.png,/home/rvl1421/Datasets/ACDC/gt_trainval/gt/fog/train/GOPR0477/GOPR0477_frame_000010_gt_labelTrainIds.png,fog,0,0.0,0.0,/home/rvl1421/Datasets/ACDC/gt_trainval/gt/fog/train/GOPR0477/GOPR0477_frame_000010_gt_invIds.png
/home/rvl1421/Datasets/ACDC/rgb_anon/fog/train/GOPR0477/GOPR0477_frame_000025_rgb_anon.png,/home/rvl1421/Datasets/ACDC/gt_trainval_ref/gt/fog/train_ref/GOPR0477/GOPR0477_frame_000025_gt_ref_labelColor.png,/home/rvl1421/Datasets/ACDC/gt_trainval/gt/fog/train/GOPR0477/GOPR0477_frame_000025_gt_labelTrainIds.png,fog,0,0.0,0.0,/home/rvl1421/Datasets/ACDC/gt_trainval/gt/fog/train/GOPR0477/GOPR0477_frame_000025_gt_invIds.png
/home/rvl1421/Datasets/ACDC/rgb_anon/fog/train/GOPR0477/GOPR0477_frame_000053_rgb_anon.png,/home/rvl1421/Datasets/ACDC/gt_trainval_ref/gt/fog/train_ref/GOPR0477/GOPR0477_frame_000053_gt_ref_labelColor.png,/home/rvl1421/Datasets/ACDC/gt_trainval/gt/fog/train/GOPR0477/GOPR0477_frame_000053_gt_labelTrainIds.png,fog,0,0.0,0.0,/home/rvl1421/Datasets/ACDC/gt_trainval/gt/fog/train/GOPR0477/GOPR0477_frame_000053_gt_invIds.png
/home/rvl1421/Datasets/ACDC/rgb_anon/fog/train/GOPR0477/GOPR0477_frame_000062_rgb_anon.png,/home/rvl1421/Datasets/ACDC/gt_trainval_ref/gt/fog/train_ref/GOPR0477/GOPR0477_frame_000062_gt_ref_labelColor.png,/home/rvl1421/Datasets/ACDC/gt_trainval/gt/fog/train/GOPR0477/GOPR0477_frame_000062_gt_labelTrainIds.png,fog,0,0.0,0.0,/home/rvl1421/Datasets/ACDC/gt_trainval/gt/fog/train/GOPR0477/GOPR0477_frame_000062_gt_invIds.png
/home/rvl1421/Datasets/ACDC/rgb_anon/fog/train/GOPR0477/GOPR0477_frame_000075_rgb_anon.png,/home/rvl1421/Datasets/ACDC/gt_trainval_ref/gt/fog/train_ref/GOPR0477/GOPR0477_frame_000075_gt_ref_labelColor.png,/home/rvl1421/Datasets/ACDC/gt_trainval/gt/fog/train/GOPR0477/GOPR0477_frame_000075_gt_labelTrainIds.png,fog,0,0.0,0.0,/home/rvl1421/Datasets/ACDC/gt_trainval/gt/fog/train/GOPR0477/GOPR0477_frame_000075_gt_invIds.png
/home/rvl1421/Datasets/ACDC/rgb_anon/fog/train/GOPR0477/GOPR0477_frame_000087_rgb_anon.png,/home/rvl1421/Datasets/ACDC/gt_trainval_ref/gt/fog/train_ref/GOPR0477/GOPR0477_frame_000087_gt_ref_labelColor.png,/home/rvl1421/Datasets/ACDC/gt_trainval/gt/fog/train/GOPR0477/GOPR0477_frame_000087_gt_labelTrainIds.png,fog,0,0.0,0.0,/home/rvl1421/Datasets/ACDC/gt_trainval/gt/fog/train/GOPR0477/GOPR0477_frame_000087_gt_invIds.png
/home/rvl1421/Datasets/ACDC/rgb_anon/fog/train/GOPR0477/GOPR0477_frame_000099_rgb_anon.png,/home/rvl1421/Datasets/ACDC/gt_trainval_ref/gt/fog/train_ref/GOPR0477/GOPR0477_frame_000099_gt_ref_labelColor.png,/home/rvl1421/Datasets/ACDC/gt_trainval/gt/fog/train/GOPR0477/GOPR0477_frame_000099_gt_labelTrainIds.png,fog,0,0.0,0.0,/home/rvl1421/Datasets/ACDC/gt_trainval/gt/fog/train/GOPR0477/GOPR0477_frame_000099_gt_invIds.png
/home/rvl1421/Datasets/ACDC/rgb_anon/fog/train/GOPR0477/GOPR0477_frame_000107_rgb_anon.png,/home/rvl1421/Datasets/ACDC/gt_trainval_ref/gt/fog/train_ref/GOPR0477/GOPR0477_frame_000107_gt_ref_labelColor.png,/home/rvl1421/Datasets/ACDC/gt_trainval/gt/fog/train/GOPR0477/GOPR0477_frame_000107_gt_labelTrainIds.png,fog,0,0.0,0.0,/home/rvl1421/Datasets/ACDC/gt_trainval/gt/fog/train/GOPR0477/GOPR0477_frame_000107_gt_invIds.png
/home/rvl1421/Datasets/ACDC/rgb_anon/fog/train/GOPR0477/GOPR0477_frame_000214_rgb_anon.png,/home/rvl1421/Datasets/ACDC/gt_trainval_ref/gt/fog/train_ref/GOPR0477/GOPR0477_frame_000214_gt_ref_labelColor.png,/home/rvl1421/Datasets/ACDC/gt_trainval/gt/fog/train/GOPR0477/GOPR0477_frame_000214_gt_labelTrainIds.png,fog,0,0.0,0.0,/home/rvl1421/Datasets/ACDC/gt_trainval/gt/fog/train/GOPR0477/GOPR0477_frame_000214_gt_invIds.png
/home/rvl1421/Datasets/ACDC/rgb_anon/fog/train/GOPR0477/GOPR0477_frame_000223_rgb_anon.png,/home/rvl1421/Datasets/ACDC/gt_trainval_ref/gt/fog/train_ref/GOPR0477/GOPR0477_frame_000223_gt_ref_labelColor.png,/home/rvl1421/Datasets/ACDC/gt_trainval/gt/fog/train/GOPR0477/GOPR0477_frame_000223_gt_labelTrainIds.png,fog,0,0.0,0.0,/home/rvl1421/Datasets/ACDC/gt_trainval/gt/fog/train/GOPR0477/GOPR0477_frame_000223_gt_invIds.png
/home/rvl1421/Datasets/ACDC/rgb_anon/fog/train/GOPR0477/GOPR0477_frame_000231_rgb_anon.png,/home/rvl1421/Datasets/ACDC/gt_trainval_ref/gt/fog/train_ref/GOPR0477/GOPR0477_frame_000231_gt_ref_labelColor.png,/home/rvl1421/Datasets/ACDC/gt_trainval/gt/fog/train/GOPR0477/GOPR0477_frame_000231_gt_labelTrainIds.png,fog,0,0.0,0.0,/home/rvl1421/Datasets/ACDC/gt_trainval/gt/fog/train/GOPR0477/GOPR0477_frame_000231_gt_invIds.png
/home/rvl1421/Datasets/ACDC/rgb_anon/fog/train/GOPR0477/GOPR0477_frame_000255_rgb_anon.png,/home/rvl1421/Datasets/ACDC/gt_trainval_ref/gt/fog/train_ref/GOPR0477/GOPR0477_frame_000255_gt_ref_labelColor.png,/home/rvl1421/Datasets/ACDC/gt_trainval/gt/fog/train/GOPR0477/GOPR0477_frame_000255_gt_labelTrainIds.png,fog,0,0.0,0.0,/home/rvl1421/Datasets/ACDC/gt_trainval/gt/fog/train/GOPR0477/GOPR0477_frame_000255_gt_invIds.png
/home/rvl1421/Datasets/ACDC/rgb_anon/fog/train/GOPR0477/GOPR0477_frame_000323_rgb_anon.png,/home/rvl1421/Datasets/ACDC/gt_trainval_ref/gt/fog/train_ref/GOPR0477/GOPR0477_frame_000323_gt_ref_labelColor.png,/home/rvl1421/Datasets/ACDC/gt_trainval/gt/fog/train/GOPR0477/GOPR0477_frame_000323_gt_labelTrainIds.png,fog,0,0.0,0.0,/home/rvl1421/Datasets/ACDC/gt_trainval/gt/fog/train/GOPR0477/GOPR0477_frame_000323_gt_invIds.png
/home/rvl1421/Datasets/ACDC/rgb_anon/fog/train/GOPR0477/GOPR0477_frame_000329_rgb_anon.png,/home/rvl1421/Datasets/ACDC/gt_trainval_ref/gt/fog/train_ref/GOPR0477/GOPR0477_frame_000329_gt_ref_labelColor.png,/home/rvl1421/Datasets/ACDC/gt_trainval/gt/fog/train/GOPR0477/GOPR0477_frame_000329_gt_labelTrainIds.png,fog,0,0.0,0.0,/home/rvl1421/Datasets/ACDC/gt_trainval/gt/fog/train/GOPR0477/GOPR0477_frame_000329_gt_invIds.png
/home/rvl1421/Datasets/ACDC/rgb_anon/fog/train/GOPR0477/GOPR0477_frame_000338_rgb_anon.png,/home/rvl1421/Datasets/ACDC/gt_trainval_ref/gt/fog/train_ref/GOPR0477/GOPR0477_frame_000338_gt_ref_labelColor.png,/home/rvl1421/Datasets/ACDC/gt_trainval/gt/fog/train/GOPR0477/GOPR0477_frame_000338_gt_labelTrainIds.png,fog,0,0.0,0.0,/home/rvl1421/Datasets/ACDC/gt_trainval/gt/fog/train/GOPR0477/GOPR0477_frame_000338_gt_invIds.png
/home/rvl1421/Datasets/ACDC/rgb_anon/fog/train/GOPR0477/GOPR0477_frame_000344_rgb_anon.png,/home/rvl1421/Datasets/ACDC/gt_trainval_ref/gt/fog/train_ref/GOPR0477/GOPR0477_frame_000344_gt_ref_labelColor.png,/home/rvl1421/Datasets/ACDC/gt_trainval/gt/fog/train/GOPR0477/GOPR0477_frame_000344_gt_labelTrainIds.png,fog,0,0.0,0.0,/home/rvl1421/Datasets/ACDC/gt_trainval/gt/fog/train/GOPR0477/GOPR0477_frame_000344_gt_invIds.png
/home/rvl1421/Datasets/ACDC/rgb_anon/fog/train/GOPR0477/GOPR0477_frame_000368_rgb_anon.png,/home/rvl1421/Datasets/ACDC/gt_trainval_ref/gt/fog/train_ref/GOPR0477/GOPR0477_frame_000368_gt_ref_labelColor.png,/home/rvl1421/Datasets/ACDC/gt_trainval/gt/fog/train/GOPR0477/GOPR0477_frame_000368_gt_labelTrainIds.png,fog,0,0.0,0.0,/home/rvl1421/Datasets/ACDC/gt_trainval/gt/fog/train/GOPR0477/GOPR0477_frame_000368_gt_invIds.png
/home/rvl1421/Datasets/ACDC/rgb_anon/fog/train/GOPR0477/GOPR0477_frame_000378_rgb_anon.png,/home/rvl1421/Datasets/ACDC/gt_trainval_ref/gt/fog/train_ref/GOPR0477/GOPR0477_frame_000378_gt_ref_labelColor.png,/home/rvl1421/Datasets/ACDC/gt_trainval/gt/fog/train/GOPR0477/GOPR0477_frame_000378_gt_labelTrainIds.png,fog,0,0.0,0.0,/home/rvl1421/Datasets/ACDC/gt_trainval/gt/fog/train/GOPR0477/GOPR0477_frame_000378_gt_invIds.png
/home/rvl1421/Datasets/ACDC/rgb_anon/fog/train/GOPR0477/GOPR0477_frame_000387_rgb_anon.png,/home/rvl1421/Datasets/ACDC/gt_trainval_ref/gt/fog/train_ref/GOPR0477/GOPR0477_frame_000387_gt_ref_labelColor.png,/home/rvl1421/Datasets/ACDC/gt_trainval/gt/fog/train/GOPR0477/GOPR0477_frame_000387_gt_labelTrainIds.png,fog,0,0.0,0.0,/home/rvl1421/Datasets/ACDC/gt_trainval/gt/fog/train/GOPR0477/GOPR0477_frame_000387_gt_invIds.png
/home/rvl1421/Datasets/ACDC/rgb_anon/fog/train/GOPR0477/GOPR0477_frame_000459_rgb_anon.png,/home/rvl1421/Datasets/ACDC/gt_trainval_ref/gt/fog/train_ref/GOPR0477/GOPR0477_frame_000459_gt_ref_labelColor.png,/home/rvl1421/Datasets/ACDC/gt_trainval/gt/fog/train/GOPR0477/GOPR0477_frame_000459_gt_labelTrainIds.png,fog,0,0.0,0.0,/home/rvl1421/Datasets/ACDC/gt_trainval/gt/fog/train/GOPR0477/GOPR0477_frame_000459_gt_invIds.png
/home/rvl1421/Datasets/ACDC/rgb_anon/fog/train/GOPR0477/GOPR0477_frame_000468_rgb_anon.png,/home/rvl1421/Datasets/ACDC/gt_trainval_ref/gt/fog/train_ref/GOPR0477/GOPR0477_frame_000468_gt_ref_labelColor.png,/home/rvl1421/Datasets/ACDC/gt_trainval/gt/fog/train/GOPR0477/GOPR0477_frame_000468_gt_labelTrainIds.png,fog,0,0.0,0.0,/home/rvl1421/Datasets/ACDC/gt_trainval/gt/fog/train/GOPR0477/GOPR0477_frame_000468_gt_invIds.png
/home/rvl1421/Datasets/ACDC/rgb_anon/fog/train/GOPR0477/GOPR0477_frame_000474_rgb_anon.png,/home/rvl1421/Datasets/ACDC/gt_trainval_ref/gt/fog/train_ref/GOPR0477/GOPR0477_frame_000474_gt_ref_labelColor.png,/home/rvl1421/Datasets/ACDC/gt_trainval/gt/fog/train/GOPR0477/GOPR0477_frame_000474_gt_labelTrainIds.png,fog,0,0.0,0.0,/home/rvl1421/Datasets/ACDC/gt_trainval/gt/fog/train/GOPR0477/GOPR0477_frame_000474_gt_invIds.png
/home/rvl1421/Datasets/ACDC/rgb_anon/fog/train/GOPR0477/GOPR0477_frame_000480_rgb_anon.png,/home/rvl1421/Datasets/ACDC/gt_trainval_ref/gt/fog/train_ref/GOPR0477/GOPR0477_frame_000480_gt_ref_labelColor.png,/home/rvl1421/Datasets/ACDC/gt_trainval/gt/fog/train/GOPR0477/GOPR0477_frame_000480_gt_labelTrainIds.png,fog,0,0.0,0.0,/home/rvl1421/Datasets/ACDC/gt_trainval/gt/fog/train/GOPR0477/GOPR0477_frame_000480_gt_invIds.png
/home/rvl1421/Datasets/ACDC/rgb_anon/fog/train/GOPR0477/GOPR0477_frame_000489_rgb_anon.png,/home/rvl1421/Datasets/ACDC/gt_trainval_ref/gt/fog/train_ref/GOPR0477/GOPR0477_frame_000489_gt_ref_labelColor.png,/home/rvl1421/Datasets/ACDC/gt_trainval/gt/fog/train/GOPR0477/GOPR0477_frame_000489_gt_labelTrainIds.png,fog,0,0.0,0.0,/home/rvl1421/Datasets/ACDC/gt_trainval/gt/fog/train/GOPR0477/GOPR0477_frame_000489_gt_invIds.png
/home/rvl1421/Datasets/ACDC/rgb_anon/fog/train/GOPR0477/GOPR0477_frame_000498_rgb_anon.png,/home/rvl1421/Datasets/ACDC/gt_trainval_ref/gt/fog/train_ref/GOPR0477/GOPR0477_frame_000498_gt_ref_labelColor.png,/home/rvl1421/Datasets/ACDC/gt_trainval/gt/fog/train/GOPR0477/GOPR0477_frame_000498_gt_labelTrainIds.png,fog,0,0.0,0.0,/home/rvl1421/Datasets/ACDC/gt_trainval/gt/fog/train/GOPR0477/GOPR0477_frame_000498_gt_invIds.png
/home/rvl1421/Datasets/ACDC/rgb_anon/fog/train/GOPR0477/GOPR0477_frame_000505_rgb_anon.png,/home/rvl1421/Datasets/ACDC/gt_trainval_ref/gt/fog/train_ref/GOPR0477/GOPR0477_frame_000505_gt_ref_labelColor.png,/home/rvl1421/Datasets/ACDC/gt_trainval/gt/fog/train/GOPR0477/GOPR0477_frame_000505_gt_labelTrainIds.png,fog,0,0.0,0.0,/home/rvl1421/Datasets/ACDC/gt_trainval/gt/fog/train/GOPR0477/GOPR0477_frame_000505_gt_invIds.png
/home/rvl1421/Datasets/ACDC/rgb_anon/fog/train/GOPR0477/GOPR0477_frame_000516_rgb_anon.png,/home/rvl1421/Datasets/ACDC/gt_trainval_ref/gt/fog/train_ref/GOPR0477/GOPR0477_frame_000516_gt_ref_labelColor.png,/home/rvl1421/Datasets/ACDC/gt_trainval/gt/fog/train/GOPR0477/GOPR0477_frame_000516_gt_labelTrainIds.png,fog,0,0.0,0.0,/home/rvl1421/Datasets/ACDC/gt_trainval/gt/fog/train/GOPR0477/GOPR0477_frame_000516_gt_invIds.png
/home/rvl1421/Datasets/ACDC/rgb_anon/fog/train/GOPR0477/GOPR0477_frame_000529_rgb_anon.png,/home/rvl1421/Datasets/ACDC/gt_trainval_ref/gt/fog/train_ref/GOPR0477/GOPR0477_frame_000529_gt_ref_labelColor.png,/home/rvl1421/Datasets/ACDC/gt_trainval/gt/fog/train/GOPR0477/GOPR0477_frame_000529_gt_labelTrainIds.png,fog,0,0.0,0.0,/home/rvl1421/Datasets/ACDC/gt_trainval/gt/fog/train/GOPR0477/GOPR0477_frame_000529_gt_invIds.png
/home/rvl1421/Datasets/ACDC/rgb_anon/fog/train/GOPR0477/GOPR0477_frame_000537_rgb_anon.png,/home/rvl1421/Datasets/ACDC/gt_trainval_ref/gt/fog/train_ref/GOPR0477/GOPR0477_frame_000537_gt_ref_labelColor.png,/home/rvl1421/Datasets/ACDC/gt_trainval/gt/fog/train/GOPR0477/GOPR0477_frame_000537_gt_labelTrainIds.png,fog,0,0.0,0.0,/home/rvl1421/Datasets/ACDC/gt_trainval/gt/fog/train/GOPR0477/GOPR0477_frame_000537_gt_invIds.png
/home/rvl1421/Datasets/ACDC/rgb_anon/fog/train/GOPR0477/GOPR0477_frame_000545_rgb_anon.png,/home/rvl1421/Datasets/ACDC/gt_trainval_ref/gt/fog/train_ref/GOPR0477/GOPR0477_frame_000545_gt_ref_labelColor.png,/home/rvl1421/Datasets/ACDC/gt_trainval/gt/fog/train/GOPR0477/GOPR0477_frame_000545_gt_labelTrainIds.png,fog,0,0.0,0.0,/home/rvl1421/Datasets/ACDC/gt_trainval/gt/fog/train/GOPR0477/GOPR0477_frame_000545_gt_invIds.png
/home/rvl1421/Datasets/ACDC/rgb_anon/fog/train/GOPR0477/GOPR0477_frame_000553_rgb_anon.png,/home/rvl1421/Datasets/ACDC/gt_trainval_ref/gt/fog/train_ref/GOPR0477/GOPR0477_frame_000553_gt_ref_labelColor.png,/home/rvl1421/Datasets/ACDC/gt_trainval/gt/fog/train/GOPR0477/GOPR0477_frame_000553_gt_labelTrainIds.png,fog,0,0.0,0.0,/home/rvl1421/Datasets/ACDC/gt_trainval/gt/fog/train/GOPR0477/GOPR0477_frame_000553_gt_invIds.png
/home/rvl1421/Datasets/ACDC/rgb_anon/fog/train/GOPR0477/GOPR0477_frame_000561_rgb_anon.png,/home/rvl1421/Datasets/ACDC/gt_trainval_ref/gt/fog/train_ref/GOPR0477/GOPR0477_frame_000561_gt_ref_labelColor.png,/home/rvl1421/Datasets/ACDC/gt_trainval/gt/fog/train/GOPR0477/GOPR0477_frame_000561_gt_labelTrainIds.png,fog,0,0.0,0.0,/home/rvl1421/Datasets/ACDC/gt_trainval/gt/fog/train/GOPR0477/GOPR0477_frame_000561_gt_invIds.png
/home/rvl1421/Datasets/ACDC/rgb_anon/fog/train/GOPR0477/GOPR0477_frame_000571_rgb_anon.png,/home/rvl1421/Datasets/ACDC/gt_trainval_ref/gt/fog/train_ref/GOPR0477/GOPR0477_frame_000571_gt_ref_labelColor.png,/home/rvl1421/Datasets/ACDC/gt_trainval/gt/fog/train/GOPR0477/GOPR0477_frame_000571_gt_labelTrainIds.png,fog,0,0.0,0.0,/home/rvl1421/Datasets/ACDC/gt_trainval/gt/fog/train/GOPR0477/GOPR0477_frame_000571_gt_invIds.png
/home/rvl1421/Datasets/ACDC/rgb_anon/fog/train/GOPR0477/GOPR0477_frame_000599_rgb_anon.png,/home/rvl1421/Datasets/ACDC/gt_trainval_ref/gt/fog/train_ref/GOPR0477/GOPR0477_frame_000599_gt_ref_labelColor.png,/home/rvl1421/Datasets/ACDC/gt_trainval/gt/fog/train/GOPR0477/GOPR0477_frame_000599_gt_labelTrainIds.png,fog,0,0.0,0.0,/home/rvl1421/Datasets/ACDC/gt_trainval/gt/fog/train/GOPR0477/GOPR0477_frame_000599_gt_invIds.png
/home/rvl1421/Datasets/ACDC/rgb_anon/fog/train/GOPR0477/GOPR0477_frame_000607_rgb_anon.png,/home/rvl1421/Datasets/ACDC/gt_trainval_ref/gt/fog/train_ref/GOPR0477/GOPR0477_frame_000607_gt_ref_labelColor.png,/home/rvl1421/Datasets/ACDC/gt_trainval/gt/fog/train/GOPR0477/GOPR0477_frame_000607_gt_labelTrainIds.png,fog,0,0.0,0.0,/home/rvl1421/Datasets/ACDC/gt_trainval/gt/fog/train/GOPR0477/GOPR0477_frame_000607_gt_invIds.png
/home/rvl1421/Datasets/ACDC/rgb_anon/fog/train/GOPR0477/GOPR0477_frame_000614_rgb_anon.png,/home/rvl1421/Datasets/ACDC/gt_trainval_ref/gt/fog/train_ref/GOPR0477/GOPR0477_frame_000614_gt_ref_labelColor.png,/home/rvl1421/Datasets/ACDC/gt_trainval/gt/fog/train/GOPR0477/GOPR0477_frame_000614_gt_labelTrainIds.png,fog,0,0.0,0.0,/home/rvl1421/Datasets/ACDC/gt_trainval/gt/fog/train/GOPR0477/GOPR0477_frame_000614_gt_invIds.png
/home/rvl1421/Datasets/ACDC/rgb_anon/fog/train/GOPR0477/GOPR0477_frame_000621_rgb_anon.png,/home/rvl1421/Datasets/ACDC/gt_trainval_ref/gt/fog/train_ref/GOPR0477/GOPR0477_frame_000621_gt_ref_labelColor.png,/home/rvl1421/Datasets/ACDC/gt_trainval/gt/fog/train/GOPR0477/GOPR0477_frame_000621_gt_labelTrainIds.png,fog,0,0.0,0.0,/home/rvl1421/Datasets/ACDC/gt_trainval/gt/fog/train/GOPR0477/GOPR0477_frame_000621_gt_invIds.png
/home/rvl1421/Datasets/ACDC/rgb_anon/fog/train/GOPR0477/GOPR0477_frame_000633_rgb_anon.png,/home/rvl1421/Datasets/ACDC/gt_trainval_ref/gt/fog/train_ref/GOPR0477/GOPR0477_frame_000633_gt_ref_labelColor.png,/home/rvl1421/Datasets/ACDC/gt_trainval/gt/fog/train/GOPR0477/GOPR0477_frame_000633_gt_labelTrainIds.png,fog,0,0.0,0.0,/home/rvl1421/Datasets/ACDC/gt_trainval/gt/fog/train/GOPR0477/GOPR0477_frame_000633_gt_invIds.png
/home/rvl1421/Datasets/ACDC/rgb_anon/fog/train/GOPR0477/GOPR0477_frame_000665_rgb_anon.png,/home/rvl1421/Datasets/ACDC/gt_trainval_ref/gt/fog/train_ref/GOPR0477/GOPR0477_frame_000665_gt_ref_labelColor.png,/home/rvl1421/Datasets/ACDC/gt_trainval/gt/fog/train/GOPR0477/GOPR0477_frame_000665_gt_labelTrainIds.png,fog,0,0.0,0.0,/home/rvl1421/Datasets/ACDC/gt_trainval/gt/fog/train/GOPR0477/GOPR0477_frame_000665_gt_invIds.png
/home/rvl1421/Datasets/ACDC/rgb_anon/fog/train/GOPR0477/GOPR0477_frame_000673_rgb_anon.png,/home/rvl1421/Datasets/ACDC/gt_trainval_ref/gt/fog/train_ref/GOPR0477/GOPR0477_frame_000673_gt_ref_labelColor.png,/home/rvl1421/Datasets/ACDC/gt_trainval/gt/fog/train/GOPR0477/GOPR0477_frame_000673_gt_labelTrainIds.png,fog,0,0.0,0.0,/home/rvl1421/Datasets/ACDC/gt_trainval/gt/fog/train/GOPR0477/GOPR0477_frame_000673_gt_invIds.png
/home/rvl1421/Datasets/ACDC/rgb_anon/fog/train/GOPR0477/GOPR0477_frame_000682_rgb_anon.png,/home/rvl1421/Datasets/ACDC/gt_trainval_ref/gt/fog/train_ref/GOPR0477/GOPR0477_frame_000682_gt_ref_labelColor.png,/home/rvl1421/Datasets/ACDC/gt_trainval/gt/fog/train/GOPR0477/GOPR0477_frame_000682_gt_labelTrainIds.png,fog,0,0.0,0.0,/home/rvl1421/Datasets/ACDC/gt_trainval/gt/fog/train/GOPR0477/GOPR0477_frame_000682_gt_invIds.png
/home/rvl1421/Datasets/ACDC/rgb_anon/fog/train/GOPR0477/GOPR0477_frame_000700_rgb_anon.png,/home/rvl1421/Datasets/ACDC/gt_trainval_ref/gt/fog/train_ref/GOPR0477/GOPR0477_frame_000700_gt_ref_labelColor.png,/home/rvl1421/Datasets/ACDC/gt_trainval/gt/fog/train/GOPR0477/GOPR0477_frame_000700_gt_labelTrainIds.png,fog,0,0.0,0.0,/home/rvl1421/Datasets/ACDC/gt_trainval/gt/fog/train/GOPR0477/GOPR0477_frame_000700_gt_invIds.png
/home/rvl1421/Datasets/ACDC/rgb_anon/fog/train/GOPR0477/GOPR0477_frame_000711_rgb_anon.png,/home/rvl1421/Datasets/ACDC/gt_trainval_ref/gt/fog/train_ref/GOPR0477/GOPR0477_frame_000711_gt_ref_labelColor.png,/home/rvl1421/Datasets/ACDC/gt_trainval/gt/fog/train/GOPR0477/GOPR0477_frame_000711_gt_labelTrainIds.png,fog,0,0.0,0.0,/home/rvl1421/Datasets/ACDC/gt_trainval/gt/fog/train/GOPR0477/GOPR0477_frame_000711_gt_invIds.png
/home/rvl1421/Datasets/ACDC/rgb_anon/fog/train/GOPR0477/GOPR0477_frame_000722_rgb_anon.png,/home/rvl1421/Datasets/ACDC/gt_trainval_ref/gt/fog/train_ref/GOPR0477/GOPR0477_frame_000722_gt_ref_labelColor.png,/home/rvl1421/Datasets/ACDC/gt_trainval/gt/fog/train/GOPR0477/GOPR0477_frame_000722_gt_labelTrainIds.png,fog,0,0.0,0.0,/home/rvl1421/Datasets/ACDC/gt_trainval/gt/fog/train/GOPR0477/GOPR0477_frame_000722_gt_invIds.png
/home/rvl1421/Datasets/ACDC/rgb_anon/fog/train/GOPR0477/GOPR0477_frame_000732_rgb_anon.png,/home/rvl1421/Datasets/ACDC/gt_trainval_ref/gt/fog/train_ref/GOPR0477/GOPR0477_frame_000732_gt_ref_labelColor.png,/home/rvl1421/Datasets/ACDC/gt_trainval/gt/fog/train/GOPR0477/GOPR0477_frame_000732_gt_labelTrainIds.png,fog,0,0.0,0.0,/home/rvl1421/Datasets/ACDC/gt_trainval/gt/fog/train/GOPR0477/GOPR0477_frame_000732_gt_invIds.png
/home/rvl1421/Datasets/ACDC/rgb_anon/fog/train/GOPR0477/GOPR0477_frame_000742_rgb_anon.png,/home/rvl1421/Datasets/ACDC/gt_trainval_ref/gt/fog/train_ref/GOPR0477/GOPR0477_frame_000742_gt_ref_labelColor.png,/home/rvl1421/Datasets/ACDC/gt_trainval/gt/fog/train/GOPR0477/GOPR0477_frame_000742_gt_labelTrainIds.png,fog,0,0.0,0.0,/home/rvl1421/Datasets/ACDC/gt_trainval/gt/fog/train/GOPR0477/GOPR0477_frame_000742_gt_invIds.png
/home/rvl1421/Datasets/ACDC/rgb_anon/fog/train/GOPR0477/GOPR0477_frame_000751_rgb_anon.png,/home/rvl1421/Datasets/ACDC/gt_trainval_ref/gt/fog/train_ref/GOPR0477/GOPR0477_frame_000751_gt_ref_labelColor.png,/home/rvl1421/Datasets/ACDC/gt_trainval/gt/fog/train/GOPR0477/GOPR0477_frame_000751_gt_labelTrainIds.png,fog,0,0.0,0.0,/home/rvl1421/Datasets/ACDC/gt_trainval/gt/fog/train/GOPR0477/GOPR0477_frame_000751_gt_invIds.png
/home/rvl1421/Datasets/ACDC/rgb_anon/fog/train/GOPR0477/GOPR0477_frame_000761_rgb_anon.png,/home/rvl1421/Datasets/ACDC/gt_trainval_ref/gt/fog/train_ref/GOPR0477/GOPR0477_frame_000761_gt_ref_labelColor.png,/home/rvl1421/Datasets/ACDC/gt_trainval/gt/fog/train/GOPR0477/GOPR0477_frame_000761_gt_labelTrainIds.png,fog,0,0.0,0.0,/home/rvl1421/Datasets/ACDC/gt_trainval/gt/fog/train/GOPR0477/GOPR0477_frame_000761_gt_invIds.png
/home/rvl1421/Datasets/ACDC/rgb_anon/fog/train/GOPR0477/GOPR0477_frame_000770_rgb_anon.png,/home/rvl1421/Datasets/ACDC/gt_trainval_ref/gt/fog/train_ref/GOPR0477/GOPR0477_frame_000770_gt_ref_labelColor.png,/home/rvl1421/Datasets/ACDC/gt_trainval/gt/fog/train/GOPR0477/GOPR0477_frame_000770_gt_labelTrainIds.png,fog,0,0.0,0.0,/home/rvl1421/Datasets/ACDC/gt_trainval/gt/fog/train/GOPR0477/GOPR0477_frame_000770_gt_invIds.png
/home/rvl1421/Datasets/ACDC/rgb_anon/fog/train/GOPR0477/GOPR0477_frame_000778_rgb_anon.png,/home/rvl1421/Datasets/ACDC/gt_trainval_ref/gt/fog/train_ref/GOPR0477/GOPR0477_frame_000778_gt_ref_labelColor.png,/home/rvl1421/Datasets/ACDC/gt_trainval/gt/fog/train/GOPR0477/GOPR0477_frame_000778_gt_labelTrainIds.png,fog,0,0.0,0.0,/home/rvl1421/Datasets/ACDC/gt_trainval/gt/fog/train/GOPR0477/GOPR0477_frame_000778_gt_invIds.png
/home/rvl1421/Datasets/ACDC/rgb_anon/fog/train/GOPR0477/GOPR0477_frame_000786_rgb_anon.png,/home/rvl1421/Datasets/ACDC/gt_trainval_ref/gt/fog/train_ref/GOPR0477/GOPR0477_frame_000786_gt_ref_labelColor.png,/home/rvl1421/Datasets/ACDC/gt_trainval/gt/fog/train/GOPR0477/GOPR0477_frame_000786_gt_labelTrainIds.png,fog,0,0.0,0.0,/home/rvl1421/Datasets/ACDC/gt_trainval/gt/fog/train/GOPR0477/GOPR0477_frame_000786_gt_invIds.png
/home/rvl1421/Datasets/ACDC/rgb_anon/fog/train/GOPR0478/GOPR0478_frame_000017_rgb_anon.png,/home/rvl1421/Datasets/ACDC/gt_trainval_ref/gt/fog/train_ref/GOPR0478/GOPR0478_frame_000017_gt_ref_labelColor.png,/home/rvl1421/Datasets/ACDC/gt_trainval/gt/fog/train/GOPR0478/GOPR0478_frame_000017_gt_labelTrainIds.png,fog,0,0.0,0.0,/home/rvl1421/Datasets/ACDC/gt_trainval/gt/fog/train/GOPR0478/GOPR0478_frame_000017_gt_invIds.png
/home/rvl1421/Datasets/ACDC/rgb_anon/fog/train/GOPR0478/GOPR0478_frame_000025_rgb_anon.png,/home/rvl1421/Datasets/ACDC/gt_trainval_ref/gt/fog/train_ref/GOPR0478/GOPR0478_frame_000025_gt_ref_labelColor.png,/home/rvl1421/Datasets/ACDC/gt_trainval/gt/fog/train/GOPR0478/GOPR0478_frame_000025_gt_labelTrainIds.png,fog,0,0.0,0.0,/home/rvl1421/Datasets/ACDC/gt_trainval/gt/fog/train/GOPR0478/GOPR0478_frame_000025_gt_invIds.png
/home/rvl1421/Datasets/ACDC/rgb_anon/fog/train/GOPR0478/GOPR0478_frame_000031_rgb_anon.png,/home/rvl1421/Datasets/ACDC/gt_trainval_ref/gt/fog/train_ref/GOPR0478/GOPR0478_frame_000031_gt_ref_labelColor.png,/home/rvl1421/Datasets/ACDC/gt_trainval/gt/fog/train/GOPR0478/GOPR0478_frame_000031_gt_labelTrainIds.png,fog,0,0.0,0.0,/home/rvl1421/Datasets/ACDC/gt_trainval/gt/fog/train/GOPR0478/GOPR0478_frame_000031_gt_invIds.png
/home/rvl1421/Datasets/ACDC/rgb_anon/fog/train/GOPR0478/GOPR0478_frame_000037_rgb_anon.png,/home/rvl1421/Datasets/ACDC/gt_trainval_ref/gt/fog/train_ref/GOPR0478/GOPR0478_frame_000037_gt_ref_labelColor.png,/home/rvl1421/Datasets/ACDC/gt_trainval/gt/fog/train/GOPR0478/GOPR0478_frame_000037_gt_labelTrainIds.png,fog,0,0.0,0.0,/home/rvl1421/Datasets/ACDC/gt_trainval/gt/fog/train/GOPR0478/GOPR0478_frame_000037_gt_invIds.png
/home/rvl1421/Datasets/ACDC/rgb_anon/fog/train/GOPR0478/GOPR0478_frame_000045_rgb_anon.png,/home/rvl1421/Datasets/ACDC/gt_trainval_ref/gt/fog/train_ref/GOPR0478/GOPR0478_frame_000045_gt_ref_labelColor.png,/home/rvl1421/Datasets/ACDC/gt_trainval/gt/fog/train/GOPR0478/GOPR0478_frame_000045_gt_labelTrainIds.png,fog,0,0.0,0.0,/home/rvl1421/Datasets/ACDC/gt_trainval/gt/fog/train/GOPR0478/GOPR0478_frame_000045_gt_invIds.png
/home/rvl1421/Datasets/ACDC/rgb_anon/fog/train/GOPR0478/GOPR0478_frame_000055_rgb_anon.png,/home/rvl1421/Datasets/ACDC/gt_trainval_ref/gt/fog/train_ref/GOPR0478/GOPR0478_frame_000055_gt_ref_labelColor.png,/home/rvl1421/Datasets/ACDC/gt_trainval/gt/fog/train/GOPR0478/GOPR0478_frame_000055_gt_labelTrainIds.png,fog,0,0.0,0.0,/home/rvl1421/Datasets/ACDC/gt_trainval/gt/fog/train/GOPR0478/GOPR0478_frame_000055_gt_invIds.png
/home/rvl1421/Datasets/ACDC/rgb_anon/fog/train/GOPR0478/GOPR0478_frame_000095_rgb_anon.png,/home/rvl1421/Datasets/ACDC/gt_trainval_ref/gt/fog/train_ref/GOPR0478/GOPR0478_frame_000095_gt_ref_labelColor.png,/home/rvl1421/Datasets/ACDC/gt_trainval/gt/fog/train/GOPR0478/GOPR0478_frame_000095_gt_labelTrainIds.png,fog,0,0.0,0.0,/home/rvl1421/Datasets/ACDC/gt_trainval/gt/fog/train/GOPR0478/GOPR0478_frame_000095_gt_invIds.png
/home/rvl1421/Datasets/ACDC/rgb_anon/fog/train/GOPR0478/GOPR0478_frame_000132_rgb_anon.png,/home/rvl1421/Datasets/ACDC/gt_trainval_ref/gt/fog/train_ref/GOPR0478/GOPR0478_frame_000132_gt_ref_labelColor.png,/home/rvl1421/Datasets/ACDC/gt_trainval/gt/fog/train/GOPR0478/GOPR0478_frame_000132_gt_labelTrainIds.png,fog,0,0.0,0.0,/home/rvl1421/Datasets/ACDC/gt_trainval/gt/fog/train/GOPR0478/GOPR0478_frame_000132_gt_invIds.png
/home/rvl1421/Datasets/ACDC/rgb_anon/fog/train/GOPR0478/GOPR0478_frame_000140_rgb_anon.png,/home/rvl1421/Datasets/ACDC/gt_trainval_ref/gt/fog/train_ref/GOPR0478/GOPR0478_frame_000140_gt_ref_labelColor.png,/home/rvl1421/Datasets/ACDC/gt_trainval/gt/fog/train/GOPR0478/GOPR0478_frame_000140_gt_labelTrainIds.png,fog,0,0.0,0.0,/home/rvl1421/Datasets/ACDC/gt_trainval/gt/fog/train/GOPR0478/GOPR0478_frame_000140_gt_invIds.png
/home/rvl1421/Datasets/ACDC/rgb_anon/fog/train/GOPR0478/GOPR0478_frame_000148_rgb_anon.png,/home/rvl1421/Datasets/ACDC/gt_trainval_ref/gt/fog/train_ref/GOPR0478/GOPR0478_frame_000148_gt_ref_labelColor.png,/home/rvl1421/Datasets/ACDC/gt_trainval/gt/fog/train/GOPR0478/GOPR0478_frame_000148_gt_labelTrainIds.png,fog,0,0.0,0.0,/home/rvl1421/Datasets/ACDC/gt_trainval/gt/fog/train/GOPR0478/GOPR0478_frame_000148_gt_invIds.png
/home/rvl1421/Datasets/ACDC/rgb_anon/fog/train/GOPR0478/GOPR0478_frame_000159_rgb_anon.png,/home/rvl1421/Datasets/ACDC/gt_trainval_ref/gt/fog/train_ref/GOPR0478/GOPR0478_frame_000159_gt_ref_labelColor.png,/home/rvl1421/Datasets/ACDC/gt_trainval/gt/fog/train/GOPR0478/GOPR0478_frame_000159_gt_labelTrainIds.png,fog,0,0.0,0.0,/home/rvl1421/Datasets/ACDC/gt_trainval/gt/fog/train/GOPR0478/GOPR0478_frame_000159_gt_invIds.png
/home/rvl1421/Datasets/ACDC/rgb_anon/fog/train/GOPR0478/GOPR0478_frame_000182_rgb_anon.png,/home/rvl1421/Datasets/ACDC/gt_trainval_ref/gt/fog/train_ref/GOPR0478/GOPR0478_frame_000182_gt_ref_labelColor.png,/home/rvl1421/Datasets/ACDC/gt_trainval/gt/fog/train/GOPR0478/GOPR0478_frame_000182_gt_labelTrainIds.png,fog,0,0.0,0.0,/home/rvl1421/Datasets/ACDC/gt_trainval/gt/fog/train/GOPR0478/GOPR0478_frame_000182_gt_invIds.png
/home/rvl1421/Datasets/ACDC/rgb_anon/fog/train/GOPR0478/GOPR0478_frame_000191_rgb_anon.png,/home/rvl1421/Datasets/ACDC/gt_trainval_ref/gt/fog/train_ref/GOPR0478/GOPR0478_frame_000191_gt_ref_labelColor.png,/home/rvl1421/Datasets/ACDC/gt_trainval/gt/fog/train/GOPR0478/GOPR0478_frame_000191_gt_labelTrainIds.png,fog,0,0.0,0.0,/home/rvl1421/Datasets/ACDC/gt_trainval/gt/fog/train/GOPR0478/GOPR0478_frame_000191_gt_invIds.png
/home/rvl1421/Datasets/ACDC/rgb_anon/fog/train/GOPR0478/GOPR0478_frame_000199_rgb_anon.png,/home/rvl1421/Datasets/ACDC/gt_trainval_ref/gt/fog/train_ref/GOPR0478/GOPR0478_frame_000199_gt_ref_labelColor.png,/home/rvl1421/Datasets/ACDC/gt_trainval/gt/fog/train/GOPR0478/GOPR0478_frame_000199_gt_labelTrainIds.png,fog,0,0.0,0.0,/home/rvl1421/Datasets/ACDC/gt_trainval/gt/fog/train/GOPR0478/GOPR0478_frame_000199_gt_invIds.png
/home/rvl1421/Datasets/ACDC/rgb_anon/fog/train/GOPR0478/GOPR0478_frame_000207_rgb_anon.png,/home/rvl1421/Datasets/ACDC/gt_trainval_ref/gt/fog/train_ref/GOPR0478/GOPR0478_frame_000207_gt_ref_labelColor.png,/home/rvl1421/Datasets/ACDC/gt_trainval/gt/fog/train/GOPR0478/GOPR0478_frame_000207_gt_labelTrainIds.png,fog,0,0.0,0.0,/home/rvl1421/Datasets/ACDC/gt_trainval/gt/fog/train/GOPR0478/GOPR0478_frame_000207_gt_invIds.png
/home/rvl1421/Datasets/ACDC/rgb_anon/fog/train/GOPR0478/GOPR0478_frame_000215_rgb_anon.png,/home/rvl1421/Datasets/ACDC/gt_trainval_ref/gt/fog/train_ref/GOPR0478/GOPR0478_frame_000215_gt_ref_labelColor.png,/home/rvl1421/Datasets/ACDC/gt_trainval/gt/fog/train/GOPR0478/GOPR0478_frame_000215_gt_labelTrainIds.png,fog,0,0.0,0.0,/home/rvl1421/Datasets/ACDC/gt_trainval/gt/fog/train/GOPR0478/GOPR0478_frame_000215_gt_invIds.png
/home/rvl1421/Datasets/ACDC/rgb_anon/fog/train/GOPR0478/GOPR0478_frame_000223_rgb_anon.png,/home/rvl1421/Datasets/ACDC/gt_trainval_ref/gt/fog/train_ref/GOPR0478/GOPR0478_frame_000223_gt_ref_labelColor.png,/home/rvl1421/Datasets/ACDC/gt_trainval/gt/fog/train/GOPR0478/GOPR0478_frame_000223_gt_labelTrainIds.png,fog,0,0.0,0.0,/home/rvl1421/Datasets/ACDC/gt_trainval/gt/fog/train/GOPR0478/GOPR0478_frame_000223_gt_invIds.png
/home/rvl1421/Datasets/ACDC/rgb_anon/fog/train/GOPR0478/GOPR0478_frame_000231_rgb_anon.png,/home/rvl1421/Datasets/ACDC/gt_trainval_ref/gt/fog/train_ref/GOPR0478/GOPR0478_frame_000231_gt_ref_labelColor.png,/home/rvl1421/Datasets/ACDC/gt_trainval/gt/fog/train/GOPR0478/GOPR0478_frame_000231_gt_labelTrainIds.png,fog,0,0.0,0.0,/home/rvl1421/Datasets/ACDC/gt_trainval/gt/fog/train/GOPR0478/GOPR0478_frame_000231_gt_invIds.png
/home/rvl1421/Datasets/ACDC/rgb_anon/fog/train/GOPR0478/GOPR0478_frame_000239_rgb_anon.png,/home/rvl1421/Datasets/ACDC/gt_trainval_ref/gt/fog/train_ref/GOPR0478/GOPR0478_frame_000239_gt_ref_labelColor.png,/home/rvl1421/Datasets/ACDC/gt_trainval/gt/fog/train/GOPR0478/GOPR0478_frame_000239_gt_labelTrainIds.png,fog,0,0.0,0.0,/home/rvl1421/Datasets/ACDC/gt_trainval/gt/fog/train/GOPR0478/GOPR0478_frame_000239_gt_invIds.png
/home/rvl1421/Datasets/ACDC/rgb_anon/fog/train/GOPR0478/GOPR0478_frame_000247_rgb_anon.png,/home/rvl1421/Datasets/ACDC/gt_trainval_ref/gt/fog/train_ref/GOPR0478/GOPR0478_frame_000247_gt_ref_labelColor.png,/home/rvl1421/Datasets/ACDC/gt_trainval/gt/fog/train/GOPR0478/GOPR0478_frame_000247_gt_labelTrainIds.png,fog,0,0.0,0.0,/home/rvl1421/Datasets/ACDC/gt_trainval/gt/fog/train/GOPR0478/GOPR0478_frame_000247_gt_invIds.png
/home/rvl1421/Datasets/ACDC/rgb_anon/fog/train/GOPR0478/GOPR0478_frame_000255_rgb_anon.png,/home/rvl1421/Datasets/ACDC/gt_trainval_ref/gt/fog/train_ref/GOPR0478/GOPR0478_frame_000255_gt_ref_labelColor.png,/home/rvl1421/Datasets/ACDC/gt_trainval/gt/fog/train/GOPR0478/GOPR0478_frame_000255_gt_labelTrainIds.png,fog,0,0.0,0.0,/home/rvl1421/Datasets/ACDC/gt_trainval/gt/fog/train/GOPR0478/GOPR0478_frame_000255_gt_invIds.png
/home/rvl1421/Datasets/ACDC/rgb_anon/fog/train/GOPR0479/GOPR0479_frame_000033_rgb_anon.png,/home/rvl1421/Datasets/ACDC/gt_trainval_ref/gt/fog/train_ref/GOPR0479/GOPR0479_frame_000033_gt_ref_labelColor.png,/home/rvl1421/Datasets/ACDC/gt_trainval/gt/fog/train/GOPR0479/GOPR0479_frame_000033_gt_labelTrainIds.png,fog,0,0.0,0.0,/home/rvl1421/Datasets/ACDC/gt_trainval/gt/fog/train/GOPR0479/GOPR0479_frame_000033_gt_invIds.png
/home/rvl1421/Datasets/ACDC/rgb_anon/fog/train/GOPR0479/GOPR0479_frame_000047_rgb_anon.png,/home/rvl1421/Datasets/ACDC/gt_trainval_ref/gt/fog/train_ref/GOPR0479/GOPR0479_frame_000047_gt_ref_labelColor.png,/home/rvl1421/Datasets/ACDC/gt_trainval/gt/fog/train/GOPR0479/GOPR0479_frame_000047_gt_labelTrainIds.png,fog,0,0.0,0.0,/home/rvl1421/Datasets/ACDC/gt_trainval/gt/fog/train/GOPR0479/GOPR0479_frame_000047_gt_invIds.png
/home/rvl1421/Datasets/ACDC/rgb_anon/fog/train/GOPR0479/GOPR0479_frame_000077_rgb_anon.png,/home/rvl1421/Datasets/ACDC/gt_trainval_ref/gt/fog/train_ref/GOPR0479/GOPR0479_frame_000077_gt_ref_labelColor.png,/home/rvl1421/Datasets/ACDC/gt_trainval/gt/fog/train/GOPR0479/GOPR0479_frame_000077_gt_labelTrainIds.png,fog,0,0.0,0.0,/home/rvl1421/Datasets/ACDC/gt_trainval/gt/fog/train/GOPR0479/GOPR0479_frame_000077_gt_invIds.png
/home/rvl1421/Datasets/ACDC/rgb_anon/fog/train/GOPR0479/GOPR0479_frame_000125_rgb_anon.png,/home/rvl1421/Datasets/ACDC/gt_trainval_ref/gt/fog/train_ref/GOPR0479/GOPR0479_frame_000125_gt_ref_labelColor.png,/home/rvl1421/Datasets/ACDC/gt_trainval/gt/fog/train/GOPR0479/GOPR0479_frame_000125_gt_labelTrainIds.png,fog,0,0.0,0.0,/home/rvl1421/Datasets/ACDC/gt_trainval/gt/fog/train/GOPR0479/GOPR0479_frame_000125_gt_invIds.png
/home/rvl1421/Datasets/ACDC/rgb_anon/fog/train/GOPR0479/GOPR0479_frame_000131_rgb_anon.png,/home/rvl1421/Datasets/ACDC/gt_trainval_ref/gt/fog/train_ref/GOPR0479/GOPR0479_frame_000131_gt_ref_labelColor.png,/home/rvl1421/Datasets/ACDC/gt_trainval/gt/fog/train/GOPR0479/GOPR0479_frame_000131_gt_labelTrainIds.png,fog,0,0.0,0.0,/home/rvl1421/Datasets/ACDC/gt_trainval/gt/fog/train/GOPR0479/GOPR0479_frame_000131_gt_invIds.png
/home/rvl1421/Datasets/ACDC/rgb_anon/fog/train/GOPR0479/GOPR0479_frame_000143_rgb_anon.png,/home/rvl1421/Datasets/ACDC/gt_trainval_ref/gt/fog/train_ref/GOPR0479/GOPR0479_frame_000143_gt_ref_labelColor.png,/home/rvl1421/Datasets/ACDC/gt_trainval/gt/fog/train/GOPR0479/GOPR0479_frame_000143_gt_labelTrainIds.png,fog,0,0.0,0.0,/home/rvl1421/Datasets/ACDC/gt_trainval/gt/fog/train/GOPR0479/GOPR0479_frame_000143_gt_invIds.png
/home/rvl1421/Datasets/ACDC/rgb_anon/fog/train/GOPR0479/GOPR0479_frame_000151_rgb_anon.png,/home/rvl1421/Datasets/ACDC/gt_trainval_ref/gt/fog/train_ref/GOPR0479/GOPR0479_frame_000151_gt_ref_labelColor.png,/home/rvl1421/Datasets/ACDC/gt_trainval/gt/fog/train/GOPR0479/GOPR0479_frame_000151_gt_labelTrainIds.png,fog,0,0.0,0.0,/home/rvl1421/Datasets/ACDC/gt_trainval/gt/fog/train/GOPR0479/GOPR0479_frame_000151_gt_invIds.png
/home/rvl1421/Datasets/ACDC/rgb_anon/fog/train/GOPR0479/GOPR0479_frame_000159_rgb_anon.png,/home/rvl1421/Datasets/ACDC/gt_trainval_ref/gt/fog/train_ref/GOPR0479/GOPR0479_frame_000159_gt_ref_labelColor.png,/home/rvl1421/Datasets/ACDC/gt_trainval/gt/fog/train/GOPR0479/GOPR0479_frame_000159_gt_labelTrainIds.png,fog,0,0.0,0.0,/home/rvl1421/Datasets/ACDC/gt_trainval/gt/fog/train/GOPR0479/GOPR0479_frame_000159_gt_invIds.png
/home/rvl1421/Datasets/ACDC/rgb_anon/fog/train/GOPR0479/GOPR0479_frame_000165_rgb_anon.png,/home/rvl1421/Datasets/ACDC/gt_trainval_ref/gt/fog/train_ref/GOPR0479/GOPR0479_frame_000165_gt_ref_labelColor.png,/home/rvl1421/Datasets/ACDC/gt_trainval/gt/fog/train/GOPR0479/GOPR0479_frame_000165_gt_labelTrainIds.png,fog,0,0.0,0.0,/home/rvl1421/Datasets/ACDC/gt_trainval/gt/fog/train/GOPR0479/GOPR0479_frame_000165_gt_invIds.png
/home/rvl1421/Datasets/ACDC/rgb_anon/fog/train/GOPR0479/GOPR0479_frame_000173_rgb_anon.png,/home/rvl1421/Datasets/ACDC/gt_trainval_ref/gt/fog/train_ref/GOPR0479/GOPR0479_frame_000173_gt_ref_labelColor.png,/home/rvl1421/Datasets/ACDC/gt_trainval/gt/fog/train/GOPR0479/GOPR0479_frame_000173_gt_labelTrainIds.png,fog,0,0.0,0.0,/home/rvl1421/Datasets/ACDC/gt_trainval/gt/fog/train/GOPR0479/GOPR0479_frame_000173_gt_invIds.png
/home/rvl1421/Datasets/ACDC/rgb_anon/fog/train/GOPR0479/GOPR0479_frame_000181_rgb_anon.png,/home/rvl1421/Datasets/ACDC/gt_trainval_ref/gt/fog/train_ref/GOPR0479/GOPR0479_frame_000181_gt_ref_labelColor.png,/home/rvl1421/Datasets/ACDC/gt_trainval/gt/fog/train/GOPR0479/GOPR0479_frame_000181_gt_labelTrainIds.png,fog,0,0.0,0.0,/home/rvl1421/Datasets/ACDC/gt_trainval/gt/fog/train/GOPR0479/GOPR0479_frame_000181_gt_invIds.png
/home/rvl1421/Datasets/ACDC/rgb_anon/fog/train/GOPR0479/GOPR0479_frame_000199_rgb_anon.png,/home/rvl1421/Datasets/ACDC/gt_trainval_ref/gt/fog/train_ref/GOPR0479/GOPR0479_frame_000199_gt_ref_labelColor.png,/home/rvl1421/Datasets/ACDC/gt_trainval/gt/fog/train/GOPR0479/GOPR0479_frame_000199_gt_labelTrainIds.png,fog,0,0.0,0.0,/home/rvl1421/Datasets/ACDC/gt_trainval/gt/fog/train/GOPR0479/GOPR0479_frame_000199_gt_invIds.png
/home/rvl1421/Datasets/ACDC/rgb_anon/fog/train/GOPR0479/GOPR0479_frame_000326_rgb_anon.png,/home/rvl1421/Datasets/ACDC/gt_trainval_ref/gt/fog/train_ref/GOPR0479/GOPR0479_frame_000326_gt_ref_labelColor.png,/home/rvl1421/Datasets/ACDC/gt_trainval/gt/fog/train/GOPR0479/GOPR0479_frame_000326_gt_labelTrainIds.png,fog,0,0.0,0.0,/home/rvl1421/Datasets/ACDC/gt_trainval/gt/fog/train/GOPR0479/GOPR0479_frame_000326_gt_invIds.png
/home/rvl1421/Datasets/ACDC/rgb_anon/fog/train/GOPR0479/GOPR0479_frame_000406_rgb_anon.png,/home/rvl1421/Datasets/ACDC/gt_trainval_ref/gt/fog/train_ref/GOPR0479/GOPR0479_frame_000406_gt_ref_labelColor.png,/home/rvl1421/Datasets/ACDC/gt_trainval/gt/fog/train/GOPR0479/GOPR0479_frame_000406_gt_labelTrainIds.png,fog,0,0.0,0.0,/home/rvl1421/Datasets/ACDC/gt_trainval/gt/fog/train/GOPR0479/GOPR0479_frame_000406_gt_invIds.png
/home/rvl1421/Datasets/ACDC/rgb_anon/fog/train/GOPR0480/GOPR0480_frame_000029_rgb_anon.png,/home/rvl1421/Datasets/ACDC/gt_trainval_ref/gt/fog/train_ref/GOPR0480/GOPR0480_frame_000029_gt_ref_labelColor.png,/home/rvl1421/Datasets/ACDC/gt_trainval/gt/fog/train/GOPR0480/GOPR0480_frame_000029_gt_labelTrainIds.png,fog,0,0.0,0.0,/home/rvl1421/Datasets/ACDC/gt_trainval/gt/fog/train/GOPR0480/GOPR0480_frame_000029_gt_invIds.png
/home/rvl1421/Datasets/ACDC/rgb_anon/fog/train/GOPR0480/GOPR0480_frame_000072_rgb_anon.png,/home/rvl1421/Datasets/ACDC/gt_trainval_ref/gt/fog/train_ref/GOPR0480/GOPR0480_frame_000072_gt_ref_labelColor.png,/home/rvl1421/Datasets/ACDC/gt_trainval/gt/fog/train/GOPR0480/GOPR0480_frame_000072_gt_labelTrainIds.png,fog,0,0.0,0.0,/home/rvl1421/Datasets/ACDC/gt_trainval/gt/fog/train/GOPR0480/GOPR0480_frame_000072_gt_invIds.png
/home/rvl1421/Datasets/ACDC/rgb_anon/fog/train/GOPR0480/GOPR0480_frame_000123_rgb_anon.png,/home/rvl1421/Datasets/ACDC/gt_trainval_ref/gt/fog/train_ref/GOPR0480/GOPR0480_frame_000123_gt_ref_labelColor.png,/home/rvl1421/Datasets/ACDC/gt_trainval/gt/fog/train/GOPR0480/GOPR0480_frame_000123_gt_labelTrainIds.png,fog,0,0.0,0.0,/home/rvl1421/Datasets/ACDC/gt_trainval/gt/fog/train/GOPR0480/GOPR0480_frame_000123_gt_invIds.png
/home/rvl1421/Datasets/ACDC/rgb_anon/fog/train/GOPR0480/GOPR0480_frame_000215_rgb_anon.png,/home/rvl1421/Datasets/ACDC/gt_trainval_ref/gt/fog/train_ref/GOPR0480/GOPR0480_frame_000215_gt_ref_labelColor.png,/home/rvl1421/Datasets/ACDC/gt_trainval/gt/fog/train/GOPR0480/GOPR0480_frame_000215_gt_labelTrainIds.png,fog,0,0.0,0.0,/home/rvl1421/Datasets/ACDC/gt_trainval/gt/fog/train/GOPR0480/GOPR0480_frame_000215_gt_invIds.png
/home/rvl1421/Datasets/ACDC/rgb_anon/fog/train/GP010475/GP010475_frame_001020_rgb_anon.png,/home/rvl1421/Datasets/ACDC/gt_trainval_ref/gt/fog/train_ref/GP010475/GP010475_frame_001020_gt_ref_labelColor.png,/home/rvl1421/Datasets/ACDC/gt_trainval/gt/fog/train/GP010475/GP010475_frame_001020_gt_labelTrainIds.png,fog,0,0.0,0.0,/home/rvl1421/Datasets/ACDC/gt_trainval/gt/fog/train/GP010475/GP010475_frame_001020_gt_invIds.png
/home/rvl1421/Datasets/ACDC/rgb_anon/fog/train/GP010475/GP010475_frame_001028_rgb_anon.png,/home/rvl1421/Datasets/ACDC/gt_trainval_ref/gt/fog/train_ref/GP010475/GP010475_frame_001028_gt_ref_labelColor.png,/home/rvl1421/Datasets/ACDC/gt_trainval/gt/fog/train/GP010475/GP010475_frame_001028_gt_labelTrainIds.png,fog,0,0.0,0.0,/home/rvl1421/Datasets/ACDC/gt_trainval/gt/fog/train/GP010475/GP010475_frame_001028_gt_invIds.png
/home/rvl1421/Datasets/ACDC/rgb_anon/fog/train/GP010475/GP010475_frame_001038_rgb_anon.png,/home/rvl1421/Datasets/ACDC/gt_trainval_ref/gt/fog/train_ref/GP010475/GP010475_frame_001038_gt_ref_labelColor.png,/home/rvl1421/Datasets/ACDC/gt_trainval/gt/fog/train/GP010475/GP010475_frame_001038_gt_labelTrainIds.png,fog,0,0.0,0.0,/home/rvl1421/Datasets/ACDC/gt_trainval/gt/fog/train/GP010475/GP010475_frame_001038_gt_invIds.png
/home/rvl1421/Datasets/ACDC/rgb_anon/fog/train/GP010475/GP010475_frame_001048_rgb_anon.png,/home/rvl1421/Datasets/ACDC/gt_trainval_ref/gt/fog/train_ref/GP010475/GP010475_frame_001048_gt_ref_labelColor.png,/home/rvl1421/Datasets/ACDC/gt_trainval/gt/fog/train/GP010475/GP010475_frame_001048_gt_labelTrainIds.png,fog,0,0.0,0.0,/home/rvl1421/Datasets/ACDC/gt_trainval/gt/fog/train/GP010475/GP010475_frame_001048_gt_invIds.png
/home/rvl1421/Datasets/ACDC/rgb_anon/fog/train/GP010475/GP010475_frame_001058_rgb_anon.png,/home/rvl1421/Datasets/ACDC/gt_trainval_ref/gt/fog/train_ref/GP010475/GP010475_frame_001058_gt_ref_labelColor.png,/home/rvl1421/Datasets/ACDC/gt_trainval/gt/fog/train/GP010475/GP010475_frame_001058_gt_labelTrainIds.png,fog,0,0.0,0.0,/home/rvl1421/Datasets/ACDC/gt_trainval/gt/fog/train/GP010475/GP010475_frame_001058_gt_invIds.png
/home/rvl1421/Datasets/ACDC/rgb_anon/fog/train/GP010476/GP010476_frame_000281_rgb_anon.png,/home/rvl1421/Datasets/ACDC/gt_trainval_ref/gt/fog/train_ref/GP010476/GP010476_frame_000281_gt_ref_labelColor.png,/home/rvl1421/Datasets/ACDC/gt_trainval/gt/fog/train/GP010476/GP010476_frame_000281_gt_labelTrainIds.png,fog,0,0.0,0.0,/home/rvl1421/Datasets/ACDC/gt_trainval/gt/fog/train/GP010476/GP010476_frame_000281_gt_invIds.png
/home/rvl1421/Datasets/ACDC/rgb_anon/fog/train/GP010476/GP010476_frame_000289_rgb_anon.png,/home/rvl1421/Datasets/ACDC/gt_trainval_ref/gt/fog/train_ref/GP010476/GP010476_frame_000289_gt_ref_labelColor.png,/home/rvl1421/Datasets/ACDC/gt_trainval/gt/fog/train/GP010476/GP010476_frame_000289_gt_labelTrainIds.png,fog,0,0.0,0.0,/home/rvl1421/Datasets/ACDC/gt_trainval/gt/fog/train/GP010476/GP010476_frame_000289_gt_invIds.png
/home/rvl1421/Datasets/ACDC/rgb_anon/fog/train/GP010476/GP010476_frame_000297_rgb_anon.png,/home/rvl1421/Datasets/ACDC/gt_trainval_ref/gt/fog/train_ref/GP010476/GP010476_frame_000297_gt_ref_labelColor.png,/home/rvl1421/Datasets/ACDC/gt_trainval/gt/fog/train/GP010476/GP010476_frame_000297_gt_labelTrainIds.png,fog,0,0.0,0.0,/home/rvl1421/Datasets/ACDC/gt_trainval/gt/fog/train/GP010476/GP010476_frame_000297_gt_invIds.png
/home/rvl1421/Datasets/ACDC/rgb_anon/fog/train/GP010476/GP010476_frame_000304_rgb_anon.png,/home/rvl1421/Datasets/ACDC/gt_trainval_ref/gt/fog/train_ref/GP010476/GP010476_frame_000304_gt_ref_labelColor.png,/home/rvl1421/Datasets/ACDC/gt_trainval/gt/fog/train/GP010476/GP010476_frame_000304_gt_labelTrainIds.png,fog,0,0.0,0.0,/home/rvl1421/Datasets/ACDC/gt_trainval/gt/fog/train/GP010476/GP010476_frame_000304_gt_invIds.png
/home/rvl1421/Datasets/ACDC/rgb_anon/fog/train/GP010477/GP010477_frame_000228_rgb_anon.png,/home/rvl1421/Datasets/ACDC/gt_trainval_ref/gt/fog/train_ref/GP010477/GP010477_frame_000228_gt_ref_labelColor.png,/home/rvl1421/Datasets/ACDC/gt_trainval/gt/fog/train/GP010477/GP010477_frame_000228_gt_labelTrainIds.png,fog,0,0.0,0.0,/home/rvl1421/Datasets/ACDC/gt_trainval/gt/fog/train/GP010477/GP010477_frame_000228_gt_invIds.png
/home/rvl1421/Datasets/ACDC/rgb_anon/fog/train/GP010477/GP010477_frame_000236_rgb_anon.png,/home/rvl1421/Datasets/ACDC/gt_trainval_ref/gt/fog/train_ref/GP010477/GP010477_frame_000236_gt_ref_labelColor.png,/home/rvl1421/Datasets/ACDC/gt_trainval/gt/fog/train/GP010477/GP010477_frame_000236_gt_labelTrainIds.png,fog,0,0.0,0.0,/home/rvl1421/Datasets/ACDC/gt_trainval/gt/fog/train/GP010477/GP010477_frame_000236_gt_invIds.png
/home/rvl1421/Datasets/ACDC/rgb_anon/fog/train/GP010477/GP010477_frame_000248_rgb_anon.png,/home/rvl1421/Datasets/ACDC/gt_trainval_ref/gt/fog/train_ref/GP010477/GP010477_frame_000248_gt_ref_labelColor.png,/home/rvl1421/Datasets/ACDC/gt_trainval/gt/fog/train/GP010477/GP010477_frame_000248_gt_labelTrainIds.png,fog,0,0.0,0.0,/home/rvl1421/Datasets/ACDC/gt_trainval/gt/fog/train/GP010477/GP010477_frame_000248_gt_invIds.png
/home/rvl1421/Datasets/ACDC/rgb_anon/fog/train/GP010477/GP010477_frame_000257_rgb_anon.png,/home/rvl1421/Datasets/ACDC/gt_trainval_ref/gt/fog/train_ref/GP010477/GP010477_frame_000257_gt_ref_labelColor.png,/home/rvl1421/Datasets/ACDC/gt_trainval/gt/fog/train/GP010477/GP010477_frame_000257_gt_labelTrainIds.png,fog,0,0.0,0.0,/home/rvl1421/Datasets/ACDC/gt_trainval/gt/fog/train/GP010477/GP010477_frame_000257_gt_invIds.png
/home/rvl1421/Datasets/ACDC/rgb_anon/fog/train/GP010477/GP010477_frame_000265_rgb_anon.png,/home/rvl1421/Datasets/ACDC/gt_trainval_ref/gt/fog/train_ref/GP010477/GP010477_frame_000265_gt_ref_labelColor.png,/home/rvl1421/Datasets/ACDC/gt_trainval/gt/fog/train/GP010477/GP010477_frame_000265_gt_labelTrainIds.png,fog,0,0.0,0.0,/home/rvl1421/Datasets/ACDC/gt_trainval/gt/fog/train/GP010477/GP010477_frame_000265_gt_invIds.png
/home/rvl1421/Datasets/ACDC/rgb_anon/fog/train/GP010477/GP010477_frame_000274_rgb_anon.png,/home/rvl1421/Datasets/ACDC/gt_trainval_ref/gt/fog/train_ref/GP010477/GP010477_frame_000274_gt_ref_labelColor.png,/home/rvl1421/Datasets/ACDC/gt_trainval/gt/fog/train/GP010477/GP010477_frame_000274_gt_labelTrainIds.png,fog,0,0.0,0.0,/home/rvl1421/Datasets/ACDC/gt_trainval/gt/fog/train/GP010477/GP010477_frame_000274_gt_invIds.png
/home/rvl1421/Datasets/ACDC/rgb_anon/fog/train/GP010477/GP010477_frame_000284_rgb_anon.png,/home/rvl1421/Datasets/ACDC/gt_trainval_ref/gt/fog/train_ref/GP010477/GP010477_frame_000284_gt_ref_labelColor.png,/home/rvl1421/Datasets/ACDC/gt_trainval/gt/fog/train/GP010477/GP010477_frame_000284_gt_labelTrainIds.png,fog,0,0.0,0.0,/home/rvl1421/Datasets/ACDC/gt_trainval/gt/fog/train/GP010477/GP010477_frame_000284_gt_invIds.png
/home/rvl1421/Datasets/ACDC/rgb_anon/fog/train/GP010477/GP010477_frame_000293_rgb_anon.png,/home/rvl1421/Datasets/ACDC/gt_trainval_ref/gt/fog/train_ref/GP010477/GP010477_frame_000293_gt_ref_labelColor.png,/home/rvl1421/Datasets/ACDC/gt_trainval/gt/fog/train/GP010477/GP010477_frame_000293_gt_labelTrainIds.png,fog,0,0.0,0.0,/home/rvl1421/Datasets/ACDC/gt_trainval/gt/fog/train/GP010477/GP010477_frame_000293_gt_invIds.png
/home/rvl1421/Datasets/ACDC/rgb_anon/fog/train/GP010477/GP010477_frame_000302_rgb_anon.png,/home/rvl1421/Datasets/ACDC/gt_trainval_ref/gt/fog/train_ref/GP010477/GP010477_frame_000302_gt_ref_labelColor.png,/home/rvl1421/Datasets/ACDC/gt_trainval/gt/fog/train/GP010477/GP010477_frame_000302_gt_labelTrainIds.png,fog,0,0.0,0.0,/home/rvl1421/Datasets/ACDC/gt_trainval/gt/fog/train/GP010477/GP010477_frame_000302_gt_invIds.png
/home/rvl1421/Datasets/ACDC/rgb_anon/fog/train/GP010477/GP010477_frame_000315_rgb_anon.png,/home/rvl1421/Datasets/ACDC/gt_trainval_ref/gt/fog/train_ref/GP010477/GP010477_frame_000315_gt_ref_labelColor.png,/home/rvl1421/Datasets/ACDC/gt_trainval/gt/fog/train/GP010477/GP010477_frame_000315_gt_labelTrainIds.png,fog,0,0.0,0.0,/home/rvl1421/Datasets/ACDC/gt_trainval/gt/fog/train/GP010477/GP010477_frame_000315_gt_invIds.png
/home/rvl1421/Datasets/ACDC/rgb_anon/fog/train/GP010477/GP010477_frame_000342_rgb_anon.png,/home/rvl1421/Datasets/ACDC/gt_trainval_ref/gt/fog/train_ref/GP010477/GP010477_frame_000342_gt_ref_labelColor.png,/home/rvl1421/Datasets/ACDC/gt_trainval/gt/fog/train/GP010477/GP010477_frame_000342_gt_labelTrainIds.png,fog,0,0.0,0.0,/home/rvl1421/Datasets/ACDC/gt_trainval/gt/fog/train/GP010477/GP010477_frame_000342_gt_invIds.png
/home/rvl1421/Datasets/ACDC/rgb_anon/fog/train/GP010477/GP010477_frame_000353_rgb_anon.png,/home/rvl1421/Datasets/ACDC/gt_trainval_ref/gt/fog/train_ref/GP010477/GP010477_frame_000353_gt_ref_labelColor.png,/home/rvl1421/Datasets/ACDC/gt_trainval/gt/fog/train/GP010477/GP010477_frame_000353_gt_labelTrainIds.png,fog,0,0.0,0.0,/home/rvl1421/Datasets/ACDC/gt_trainval/gt/fog/train/GP010477/GP010477_frame_000353_gt_invIds.png
/home/rvl1421/Datasets/ACDC/rgb_anon/fog/train/GP010477/GP010477_frame_000361_rgb_anon.png,/home/rvl1421/Datasets/ACDC/gt_trainval_ref/gt/fog/train_ref/GP010477/GP010477_frame_000361_gt_ref_labelColor.png,/home/rvl1421/Datasets/ACDC/gt_trainval/gt/fog/train/GP010477/GP010477_frame_000361_gt_labelTrainIds.png,fog,0,0.0,0.0,/home/rvl1421/Datasets/ACDC/gt_trainval/gt/fog/train/GP010477/GP010477_frame_000361_gt_invIds.png
/home/rvl1421/Datasets/ACDC/rgb_anon/fog/train/GP010477/GP010477_frame_000369_rgb_anon.png,/home/rvl1421/Datasets/ACDC/gt_trainval_ref/gt/fog/train_ref/GP010477/GP010477_frame_000369_gt_ref_labelColor.png,/home/rvl1421/Datasets/ACDC/gt_trainval/gt/fog/train/GP010477/GP010477_frame_000369_gt_labelTrainIds.png,fog,0,0.0,0.0,/home/rvl1421/Datasets/ACDC/gt_trainval/gt/fog/train/GP010477/GP010477_frame_000369_gt_invIds.png
/home/rvl1421/Datasets/ACDC/rgb_anon/fog/train/GP010477/GP010477_frame_000377_rgb_anon.png,/home/rvl1421/Datasets/ACDC/gt_trainval_ref/gt/fog/train_ref/GP010477/GP010477_frame_000377_gt_ref_labelColor.png,/home/rvl1421/Datasets/ACDC/gt_trainval/gt/fog/train/GP010477/GP010477_frame_000377_gt_labelTrainIds.png,fog,0,0.0,0.0,/home/rvl1421/Datasets/ACDC/gt_trainval/gt/fog/train/GP010477/GP010477_frame_000377_gt_invIds.png
/home/rvl1421/Datasets/ACDC/rgb_anon/fog/train/GP010477/GP010477_frame_000387_rgb_anon.png,/home/rvl1421/Datasets/ACDC/gt_trainval_ref/gt/fog/train_ref/GP010477/GP010477_frame_000387_gt_ref_labelColor.png,/home/rvl1421/Datasets/ACDC/gt_trainval/gt/fog/train/GP010477/GP010477_frame_000387_gt_labelTrainIds.png,fog,0,0.0,0.0,/home/rvl1421/Datasets/ACDC/gt_trainval/gt/fog/train/GP010477/GP010477_frame_000387_gt_invIds.png
/home/rvl1421/Datasets/ACDC/rgb_anon/fog/train/GP010477/GP010477_frame_000393_rgb_anon.png,/home/rvl1421/Datasets/ACDC/gt_trainval_ref/gt/fog/train_ref/GP010477/GP010477_frame_000393_gt_ref_labelColor.png,/home/rvl1421/Datasets/ACDC/gt_trainval/gt/fog/train/GP010477/GP010477_frame_000393_gt_labelTrainIds.png,fog,0,0.0,0.0,/home/rvl1421/Datasets/ACDC/gt_trainval/gt/fog/train/GP010477/GP010477_frame_000393_gt_invIds.png
/home/rvl1421/Datasets/ACDC/rgb_anon/fog/train/GP010477/GP010477_frame_000401_rgb_anon.png,/home/rvl1421/Datasets/ACDC/gt_trainval_ref/gt/fog/train_ref/GP010477/GP010477_frame_000401_gt_ref_labelColor.png,/home/rvl1421/Datasets/ACDC/gt_trainval/gt/fog/train/GP010477/GP010477_frame_000401_gt_labelTrainIds.png,fog,0,0.0,0.0,/home/rvl1421/Datasets/ACDC/gt_trainval/gt/fog/train/GP010477/GP010477_frame_000401_gt_invIds.png
/home/rvl1421/Datasets/ACDC/rgb_anon/fog/train/GP010477/GP010477_frame_000414_rgb_anon.png,/home/rvl1421/Datasets/ACDC/gt_trainval_ref/gt/fog/train_ref/GP010477/GP010477_frame_000414_gt_ref_labelColor.png,/home/rvl1421/Datasets/ACDC/gt_trainval/gt/fog/train/GP010477/GP010477_frame_000414_gt_labelTrainIds.png,fog,0,0.0,0.0,/home/rvl1421/Datasets/ACDC/gt_trainval/gt/fog/train/GP010477/GP010477_frame_000414_gt_invIds.png
/home/rvl1421/Datasets/ACDC/rgb_anon/fog/train/GP010477/GP010477_frame_000446_rgb_anon.png,/home/rvl1421/Datasets/ACDC/gt_trainval_ref/gt/fog/train_ref/GP010477/GP010477_frame_000446_gt_ref_labelColor.png,/home/rvl1421/Datasets/ACDC/gt_trainval/gt/fog/train/GP010477/GP010477_frame_000446_gt_labelTrainIds.png,fog,0,0.0,0.0,/home/rvl1421/Datasets/ACDC/gt_trainval/gt/fog/train/GP010477/GP010477_frame_000446_gt_invIds.png
/home/rvl1421/Datasets/ACDC/rgb_anon/fog/train/GP010477/GP010477_frame_000506_rgb_anon.png,/home/rvl1421/Datasets/ACDC/gt_trainval_ref/gt/fog/train_ref/GP010477/GP010477_frame_000506_gt_ref_labelColor.png,/home/rvl1421/Datasets/ACDC/gt_trainval/gt/fog/train/GP010477/GP010477_frame_000506_gt_labelTrainIds.png,fog,0,0.0,0.0,/home/rvl1421/Datasets/ACDC/gt_trainval/gt/fog/train/GP010477/GP010477_frame_000506_gt_invIds.png
/home/rvl1421/Datasets/ACDC/rgb_anon/fog/train/GP010477/GP010477_frame_000563_rgb_anon.png,/home/rvl1421/Datasets/ACDC/gt_trainval_ref/gt/fog/train_ref/GP010477/GP010477_frame_000563_gt_ref_labelColor.png,/home/rvl1421/Datasets/ACDC/gt_trainval/gt/fog/train/GP010477/GP010477_frame_000563_gt_labelTrainIds.png,fog,0,0.0,0.0,/home/rvl1421/Datasets/ACDC/gt_trainval/gt/fog/train/GP010477/GP010477_frame_000563_gt_invIds.png
/home/rvl1421/Datasets/ACDC/rgb_anon/fog/train/GP010477/GP010477_frame_000573_rgb_anon.png,/home/rvl1421/Datasets/ACDC/gt_trainval_ref/gt/fog/train_ref/GP010477/GP010477_frame_000573_gt_ref_labelColor.png,/home/rvl1421/Datasets/ACDC/gt_trainval/gt/fog/train/GP010477/GP010477_frame_000573_gt_labelTrainIds.png,fog,0,0.0,0.0,/home/rvl1421/Datasets/ACDC/gt_trainval/gt/fog/train/GP010477/GP010477_frame_000573_gt_invIds.png
/home/rvl1421/Datasets/ACDC/rgb_anon/fog/train/GP010477/GP010477_frame_000581_rgb_anon.png,/home/rvl1421/Datasets/ACDC/gt_trainval_ref/gt/fog/train_ref/GP010477/GP010477_frame_000581_gt_ref_labelColor.png,/home/rvl1421/Datasets/ACDC/gt_trainval/gt/fog/train/GP010477/GP010477_frame_000581_gt_labelTrainIds.png,fog,0,0.0,0.0,/home/rvl1421/Datasets/ACDC/gt_trainval/gt/fog/train/GP010477/GP010477_frame_000581_gt_invIds.png
/home/rvl1421/Datasets/ACDC/rgb_anon/fog/train/GP010477/GP010477_frame_000589_rgb_anon.png,/home/rvl1421/Datasets/ACDC/gt_trainval_ref/gt/fog/train_ref/GP010477/GP010477_frame_000589_gt_ref_labelColor.png,/home/rvl1421/Datasets/ACDC/gt_trainval/gt/fog/train/GP010477/GP010477_frame_000589_gt_labelTrainIds.png,fog,0,0.0,0.0,/home/rvl1421/Datasets/ACDC/gt_trainval/gt/fog/train/GP010477/GP010477_frame_000589_gt_invIds.png
/home/rvl1421/Datasets/ACDC/rgb_anon/fog/train/GP010477/GP010477_frame_000601_rgb_anon.png,/home/rvl1421/Datasets/ACDC/gt_trainval_ref/gt/fog/train_ref/GP010477/GP010477_frame_000601_gt_ref_labelColor.png,/home/rvl1421/Datasets/ACDC/gt_trainval/gt/fog/train/GP010477/GP010477_frame_000601_gt_labelTrainIds.png,fog,0,0.0,0.0,/home/rvl1421/Datasets/ACDC/gt_trainval/gt/fog/train/GP010477/GP010477_frame_000601_gt_invIds.png
/home/rvl1421/Datasets/ACDC/rgb_anon/fog/train/GP010477/GP010477_frame_000609_rgb_anon.png,/home/rvl1421/Datasets/ACDC/gt_trainval_ref/gt/fog/train_ref/GP010477/GP010477_frame_000609_gt_ref_labelColor.png,/home/rvl1421/Datasets/ACDC/gt_trainval/gt/fog/train/GP010477/GP010477_frame_000609_gt_labelTrainIds.png,fog,0,0.0,0.0,/home/rvl1421/Datasets/ACDC/gt_trainval/gt/fog/train/GP010477/GP010477_frame_000609_gt_invIds.png
/home/rvl1421/Datasets/ACDC/rgb_anon/fog/train/GP010477/GP010477_frame_000621_rgb_anon.png,/home/rvl1421/Datasets/ACDC/gt_trainval_ref/gt/fog/train_ref/GP010477/GP010477_frame_000621_gt_ref_labelColor.png,/home/rvl1421/Datasets/ACDC/gt_trainval/gt/fog/train/GP010477/GP010477_frame_000621_gt_labelTrainIds.png,fog,0,0.0,0.0,/home/rvl1421/Datasets/ACDC/gt_trainval/gt/fog/train/GP010477/GP010477_frame_000621_gt_invIds.png
/home/rvl1421/Datasets/ACDC/rgb_anon/fog/train/GP010477/GP010477_frame_000633_rgb_anon.png,/home/rvl1421/Datasets/ACDC/gt_trainval_ref/gt/fog/train_ref/GP010477/GP010477_frame_000633_gt_ref_labelColor.png,/home/rvl1421/Datasets/ACDC/gt_trainval/gt/fog/train/GP010477/GP010477_frame_000633_gt_labelTrainIds.png,fog,0,0.0,0.0,/home/rvl1421/Datasets/ACDC/gt_trainval/gt/fog/train/GP010477/GP010477_frame_000633_gt_invIds.png
/home/rvl1421/Datasets/ACDC/rgb_anon/fog/train/GP010477/GP010477_frame_000666_rgb_anon.png,/home/rvl1421/Datasets/ACDC/gt_trainval_ref/gt/fog/train_ref/GP010477/GP010477_frame_000666_gt_ref_labelColor.png,/home/rvl1421/Datasets/ACDC/gt_trainval/gt/fog/train/GP010477/GP010477_frame_000666_gt_labelTrainIds.png,fog,0,0.0,0.0,/home/rvl1421/Datasets/ACDC/gt_trainval/gt/fog/train/GP010477/GP010477_frame_000666_gt_invIds.png
/home/rvl1421/Datasets/ACDC/rgb_anon/fog/train/GP010477/GP010477_frame_000678_rgb_anon.png,/home/rvl1421/Datasets/ACDC/gt_trainval_ref/gt/fog/train_ref/GP010477/GP010477_frame_000678_gt_ref_labelColor.png,/home/rvl1421/Datasets/ACDC/gt_trainval/gt/fog/train/GP010477/GP010477_frame_000678_gt_labelTrainIds.png,fog,0,0.0,0.0,/home/rvl1421/Datasets/ACDC/gt_trainval/gt/fog/train/GP010477/GP010477_frame_000678_gt_invIds.png
/home/rvl1421/Datasets/ACDC/rgb_anon/fog/train/GP020475/GP020475_frame_000006_rgb_anon.png,/home/rvl1421/Datasets/ACDC/gt_trainval_ref/gt/fog/train_ref/GP020475/GP020475_frame_000006_gt_ref_labelColor.png,/home/rvl1421/Datasets/ACDC/gt_trainval/gt/fog/train/GP020475/GP020475_frame_000006_gt_labelTrainIds.png,fog,0,0.0,0.0,/home/rvl1421/Datasets/ACDC/gt_trainval/gt/fog/train/GP020475/GP020475_frame_000006_gt_invIds.png
/home/rvl1421/Datasets/ACDC/rgb_anon/fog/train/GP020475/GP020475_frame_000015_rgb_anon.png,/home/rvl1421/Datasets/ACDC/gt_trainval_ref/gt/fog/train_ref/GP020475/GP020475_frame_000015_gt_ref_labelColor.png,/home/rvl1421/Datasets/ACDC/gt_trainval/gt/fog/train/GP020475/GP020475_frame_000015_gt_labelTrainIds.png,fog,0,0.0,0.0,/home/rvl1421/Datasets/ACDC/gt_trainval/gt/fog/train/GP020475/GP020475_frame_000015_gt_invIds.png
/home/rvl1421/Datasets/ACDC/rgb_anon/fog/train/GP020475/GP020475_frame_000024_rgb_anon.png,/home/rvl1421/Datasets/ACDC/gt_trainval_ref/gt/fog/train_ref/GP020475/GP020475_frame_000024_gt_ref_labelColor.png,/home/rvl1421/Datasets/ACDC/gt_trainval/gt/fog/train/GP020475/GP020475_frame_000024_gt_labelTrainIds.png,fog,0,0.0,0.0,/home/rvl1421/Datasets/ACDC/gt_trainval/gt/fog/train/GP020475/GP020475_frame_000024_gt_invIds.png
/home/rvl1421/Datasets/ACDC/rgb_anon/fog/train/GP020475/GP020475_frame_000033_rgb_anon.png,/home/rvl1421/Datasets/ACDC/gt_trainval_ref/gt/fog/train_ref/GP020475/GP020475_frame_000033_gt_ref_labelColor.png,/home/rvl1421/Datasets/ACDC/gt_trainval/gt/fog/train/GP020475/GP020475_frame_000033_gt_labelTrainIds.png,fog,0,0.0,0.0,/home/rvl1421/Datasets/ACDC/gt_trainval/gt/fog/train/GP020475/GP020475_frame_000033_gt_invIds.png
/home/rvl1421/Datasets/ACDC/rgb_anon/fog/train/GP020475/GP020475_frame_000050_rgb_anon.png,/home/rvl1421/Datasets/ACDC/gt_trainval_ref/gt/fog/train_ref/GP020475/GP020475_frame_000050_gt_ref_labelColor.png,/home/rvl1421/Datasets/ACDC/gt_trainval/gt/fog/train/GP020475/GP020475_frame_000050_gt_labelTrainIds.png,fog,0,0.0,0.0,/home/rvl1421/Datasets/ACDC/gt_trainval/gt/fog/train/GP020475/GP020475_frame_000050_gt_invIds.png
/home/rvl1421/Datasets/ACDC/rgb_anon/fog/train/GP020475/GP020475_frame_000264_rgb_anon.png,/home/rvl1421/Datasets/ACDC/gt_trainval_ref/gt/fog/train_ref/GP020475/GP020475_frame_000264_gt_ref_labelColor.png,/home/rvl1421/Datasets/ACDC/gt_trainval/gt/fog/train/GP020475/GP020475_frame_000264_gt_labelTrainIds.png,fog,0,0.0,0.0,/home/rvl1421/Datasets/ACDC/gt_trainval/gt/fog/train/GP020475/GP020475_frame_000264_gt_invIds.png
/home/rvl1421/Datasets/ACDC/rgb_anon/fog/train/GP020475/GP020475_frame_000292_rgb_anon.png,/home/rvl1421/Datasets/ACDC/gt_trainval_ref/gt/fog/train_ref/GP020475/GP020475_frame_000292_gt_ref_labelColor.png,/home/rvl1421/Datasets/ACDC/gt_trainval/gt/fog/train/GP020475/GP020475_frame_000292_gt_labelTrainIds.png,fog,0,0.0,0.0,/home/rvl1421/Datasets/ACDC/gt_trainval/gt/fog/train/GP020475/GP020475_frame_000292_gt_invIds.png
/home/rvl1421/Datasets/ACDC/rgb_anon/fog/train/GP020478/GP020478_frame_000046_rgb_anon.png,/home/rvl1421/Datasets/ACDC/gt_trainval_ref/gt/fog/train_ref/GP020478/GP020478_frame_000046_gt_ref_labelColor.png,/home/rvl1421/Datasets/ACDC/gt_trainval/gt/fog/train/GP020478/GP020478_frame_000046_gt_labelTrainIds.png,fog,0,0.0,0.0,/home/rvl1421/Datasets/ACDC/gt_trainval/gt/fog/train/GP020478/GP020478_frame_000046_gt_invIds.png
/home/rvl1421/Datasets/ACDC/rgb_anon/fog/train/GP020478/GP020478_frame_000054_rgb_anon.png,/home/rvl1421/Datasets/ACDC/gt_trainval_ref/gt/fog/train_ref/GP020478/GP020478_frame_000054_gt_ref_labelColor.png,/home/rvl1421/Datasets/ACDC/gt_trainval/gt/fog/train/GP020478/GP020478_frame_000054_gt_labelTrainIds.png,fog,0,0.0,0.0,/home/rvl1421/Datasets/ACDC/gt_trainval/gt/fog/train/GP020478/GP020478_frame_000054_gt_invIds.png
/home/rvl1421/Datasets/ACDC/rgb_anon/fog/train/GP020478/GP020478_frame_000062_rgb_anon.png,/home/rvl1421/Datasets/ACDC/gt_trainval_ref/gt/fog/train_ref/GP020478/GP020478_frame_000062_gt_ref_labelColor.png,/home/rvl1421/Datasets/ACDC/gt_trainval/gt/fog/train/GP020478/GP020478_frame_000062_gt_labelTrainIds.png,fog,0,0.0,0.0,/home/rvl1421/Datasets/ACDC/gt_trainval/gt/fog/train/GP020478/GP020478_frame_000062_gt_invIds.png
/home/rvl1421/Datasets/ACDC/rgb_anon/fog/train/GP020478/GP020478_frame_000070_rgb_anon.png,/home/rvl1421/Datasets/ACDC/gt_trainval_ref/gt/fog/train_ref/GP020478/GP020478_frame_000070_gt_ref_labelColor.png,/home/rvl1421/Datasets/ACDC/gt_trainval/gt/fog/train/GP020478/GP020478_frame_000070_gt_labelTrainIds.png,fog,0,0.0,0.0,/home/rvl1421/Datasets/ACDC/gt_trainval/gt/fog/train/GP020478/GP020478_frame_000070_gt_invIds.png
/home/rvl1421/Datasets/ACDC/rgb_anon/fog/train/GP020478/GP020478_frame_000078_rgb_anon.png,/home/rvl1421/Datasets/ACDC/gt_trainval_ref/gt/fog/train_ref/GP020478/GP020478_frame_000078_gt_ref_labelColor.png,/home/rvl1421/Datasets/ACDC/gt_trainval/gt/fog/train/GP020478/GP020478_frame_000078_gt_labelTrainIds.png,fog,0,0.0,0.0,/home/rvl1421/Datasets/ACDC/gt_trainval/gt/fog/train/GP020478/GP020478_frame_000078_gt_invIds.png
/home/rvl1421/Datasets/ACDC/rgb_anon/fog/train/GP020478/GP020478_frame_000086_rgb_anon.png,/home/rvl1421/Datasets/ACDC/gt_trainval_ref/gt/fog/train_ref/GP020478/GP020478_frame_000086_gt_ref_labelColor.png,/home/rvl1421/Datasets/ACDC/gt_trainval/gt/fog/train/GP020478/GP020478_frame_000086_gt_labelTrainIds.png,fog,0,0.0,0.0,/home/rvl1421/Datasets/ACDC/gt_trainval/gt/fog/train/GP020478/GP020478_frame_000086_gt_invIds.png
/home/rvl1421/Datasets/ACDC/rgb_anon/fog/train/GP020478/GP020478_frame_000095_rgb_anon.png,/home/rvl1421/Datasets/ACDC/gt_trainval_ref/gt/fog/train_ref/GP020478/GP020478_frame_000095_gt_ref_labelColor.png,/home/rvl1421/Datasets/ACDC/gt_trainval/gt/fog/train/GP020478/GP020478_frame_000095_gt_labelTrainIds.png,fog,0,0.0,0.0,/home/rvl1421/Datasets/ACDC/gt_trainval/gt/fog/train/GP020478/GP020478_frame_000095_gt_invIds.png
/home/rvl1421/Datasets/ACDC/rgb_anon/fog/train/GP020478/GP020478_frame_000103_rgb_anon.png,/home/rvl1421/Datasets/ACDC/gt_trainval_ref/gt/fog/train_ref/GP020478/GP020478_frame_000103_gt_ref_labelColor.png,/home/rvl1421/Datasets/ACDC/gt_trainval/gt/fog/train/GP020478/GP020478_frame_000103_gt_labelTrainIds.png,fog,0,0.0,0.0,/home/rvl1421/Datasets/ACDC/gt_trainval/gt/fog/train/GP020478/GP020478_frame_000103_gt_invIds.png
/home/rvl1421/Datasets/ACDC/rgb_anon/fog/train/GP020478/GP020478_frame_000111_rgb_anon.png,/home/rvl1421/Datasets/ACDC/gt_trainval_ref/gt/fog/train_ref/GP020478/GP020478_frame_000111_gt_ref_labelColor.png,/home/rvl1421/Datasets/ACDC/gt_trainval/gt/fog/train/GP020478/GP020478_frame_000111_gt_labelTrainIds.png,fog,0,0.0,0.0,/home/rvl1421/Datasets/ACDC/gt_trainval/gt/fog/train/GP020478/GP020478_frame_000111_gt_invIds.png
/home/rvl1421/Datasets/ACDC/rgb_anon/fog/train/GP020478/GP020478_frame_000119_rgb_anon.png,/home/rvl1421/Datasets/ACDC/gt_trainval_ref/gt/fog/train_ref/GP020478/GP020478_frame_000119_gt_ref_labelColor.png,/home/rvl1421/Datasets/ACDC/gt_trainval/gt/fog/train/GP020478/GP020478_frame_000119_gt_labelTrainIds.png,fog,0,0.0,0.0,/home/rvl1421/Datasets/ACDC/gt_trainval/gt/fog/train/GP020478/GP020478_frame_000119_gt_invIds.png
/home/rvl1421/Datasets/ACDC/rgb_anon/fog/train/GP020478/GP020478_frame_000126_rgb_anon.png,/home/rvl1421/Datasets/ACDC/gt_trainval_ref/gt/fog/train_ref/GP020478/GP020478_frame_000126_gt_ref_labelColor.png,/home/rvl1421/Datasets/ACDC/gt_trainval/gt/fog/train/GP020478/GP020478_frame_000126_gt_labelTrainIds.png,fog,0,0.0,0.0,/home/rvl1421/Datasets/ACDC/gt_trainval/gt/fog/train/GP020478/GP020478_frame_000126_gt_invIds.png
/home/rvl1421/Datasets/ACDC/rgb_anon/fog/train/GP020478/GP020478_frame_000134_rgb_anon.png,/home/rvl1421/Datasets/ACDC/gt_trainval_ref/gt/fog/train_ref/GP020478/GP020478_frame_000134_gt_ref_labelColor.png,/home/rvl1421/Datasets/ACDC/gt_trainval/gt/fog/train/GP020478/GP020478_frame_000134_gt_labelTrainIds.png,fog,0,0.0,0.0,/home/rvl1421/Datasets/ACDC/gt_trainval/gt/fog/train/GP020478/GP020478_frame_000134_gt_invIds.png
/home/rvl1421/Datasets/ACDC/rgb_anon/fog/train/GP020478/GP020478_frame_000142_rgb_anon.png,/home/rvl1421/Datasets/ACDC/gt_trainval_ref/gt/fog/train_ref/GP020478/GP020478_frame_000142_gt_ref_labelColor.png,/home/rvl1421/Datasets/ACDC/gt_trainval/gt/fog/train/GP020478/GP020478_frame_000142_gt_labelTrainIds.png,fog,0,0.0,0.0,/home/rvl1421/Datasets/ACDC/gt_trainval/gt/fog/train/GP020478/GP020478_frame_000142_gt_invIds.png
/home/rvl1421/Datasets/ACDC/rgb_anon/fog/train/GP020478/GP020478_frame_000151_rgb_anon.png,/home/rvl1421/Datasets/ACDC/gt_trainval_ref/gt/fog/train_ref/GP020478/GP020478_frame_000151_gt_ref_labelColor.png,/home/rvl1421/Datasets/ACDC/gt_trainval/gt/fog/train/GP020478/GP020478_frame_000151_gt_labelTrainIds.png,fog,0,0.0,0.0,/home/rvl1421/Datasets/ACDC/gt_trainval/gt/fog/train/GP020478/GP020478_frame_000151_gt_invIds.png
/home/rvl1421/Datasets/ACDC/rgb_anon/fog/train/GP020478/GP020478_frame_000178_rgb_anon.png,/home/rvl1421/Datasets/ACDC/gt_trainval_ref/gt/fog/train_ref/GP020478/GP020478_frame_000178_gt_ref_labelColor.png,/home/rvl1421/Datasets/ACDC/gt_trainval/gt/fog/train/GP020478/GP020478_frame_000178_gt_labelTrainIds.png,fog,0,0.0,0.0,/home/rvl1421/Datasets/ACDC/gt_trainval/gt/fog/train/GP020478/GP020478_frame_000178_gt_invIds.png
/home/rvl1421/Datasets/ACDC/rgb_anon/fog/train/GP020478/GP020478_frame_000189_rgb_anon.png,/home/rvl1421/Datasets/ACDC/gt_trainval_ref/gt/fog/train_ref/GP020478/GP020478_frame_000189_gt_ref_labelColor.png,/home/rvl1421/Datasets/ACDC/gt_trainval/gt/fog/train/GP020478/GP020478_frame_000189_gt_labelTrainIds.png,fog,0,0.0,0.0,/home/rvl1421/Datasets/ACDC/gt_trainval/gt/fog/train/GP020478/GP020478_frame_000189_gt_invIds.png
/home/rvl1421/Datasets/ACDC/rgb_anon/fog/train/GP020478/GP020478_frame_000197_rgb_anon.png,/home/rvl1421/Datasets/ACDC/gt_trainval_ref/gt/fog/train_ref/GP020478/GP020478_frame_000197_gt_ref_labelColor.png,/home/rvl1421/Datasets/ACDC/gt_trainval/gt/fog/train/GP020478/GP020478_frame_000197_gt_labelTrainIds.png,fog,0,0.0,0.0,/home/rvl1421/Datasets/ACDC/gt_trainval/gt/fog/train/GP020478/GP020478_frame_000197_gt_invIds.png
/home/rvl1421/Datasets/ACDC/rgb_anon/fog/train/GP020478/GP020478_frame_000205_rgb_anon.png,/home/rvl1421/Datasets/ACDC/gt_trainval_ref/gt/fog/train_ref/GP020478/GP020478_frame_000205_gt_ref_labelColor.png,/home/rvl1421/Datasets/ACDC/gt_trainval/gt/fog/train/GP020478/GP020478_frame_000205_gt_labelTrainIds.png,fog,0,0.0,0.0,/home/rvl1421/Datasets/ACDC/gt_trainval/gt/fog/train/GP020478/GP020478_frame_000205_gt_invIds.png
/home/rvl1421/Datasets/ACDC/rgb_anon/fog/train/GP020478/GP020478_frame_000214_rgb_anon.png,/home/rvl1421/Datasets/ACDC/gt_trainval_ref/gt/fog/train_ref/GP020478/GP020478_frame_000214_gt_ref_labelColor.png,/home/rvl1421/Datasets/ACDC/gt_trainval/gt/fog/train/GP020478/GP020478_frame_000214_gt_labelTrainIds.png,fog,0,0.0,0.0,/home/rvl1421/Datasets/ACDC/gt_trainval/gt/fog/train/GP020478/GP020478_frame_000214_gt_invIds.png
/home/rvl1421/Datasets/ACDC/rgb_anon/fog/train/GP020478/GP020478_frame_000225_rgb_anon.png,/home/rvl1421/Datasets/ACDC/gt_trainval_ref/gt/fog/train_ref/GP020478/GP020478_frame_000225_gt_ref_labelColor.png,/home/rvl1421/Datasets/ACDC/gt_trainval/gt/fog/train/GP020478/GP020478_frame_000225_gt_labelTrainIds.png,fog,0,0.0,0.0,/home/rvl1421/Datasets/ACDC/gt_trainval/gt/fog/train/GP020478/GP020478_frame_000225_gt_invIds.png
/home/rvl1421/Datasets/ACDC/rgb_anon/fog/train/GP020478/GP020478_frame_000232_rgb_anon.png,/home/rvl1421/Datasets/ACDC/gt_trainval_ref/gt/fog/train_ref/GP020478/GP020478_frame_000232_gt_ref_labelColor.png,/home/rvl1421/Datasets/ACDC/gt_trainval/gt/fog/train/GP020478/GP020478_frame_000232_gt_labelTrainIds.png,fog,0,0.0,0.0,/home/rvl1421/Datasets/ACDC/gt_trainval/gt/fog/train/GP020478/GP020478_frame_000232_gt_invIds.png
/home/rvl1421/Datasets/ACDC/rgb_anon/fog/train/GP020478/GP020478_frame_000241_rgb_anon.png,/home/rvl1421/Datasets/ACDC/gt_trainval_ref/gt/fog/train_ref/GP020478/GP020478_frame_000241_gt_ref_labelColor.png,/home/rvl1421/Datasets/ACDC/gt_trainval/gt/fog/train/GP020478/GP020478_frame_000241_gt_labelTrainIds.png,fog,0,0.0,0.0,/home/rvl1421/Datasets/ACDC/gt_trainval/gt/fog/train/GP020478/GP020478_frame_000241_gt_invIds.png
/home/rvl1421/Datasets/ACDC/rgb_anon/fog/train/GP020478/GP020478_frame_000314_rgb_anon.png,/home/rvl1421/Datasets/ACDC/gt_trainval_ref/gt/fog/train_ref/GP020478/GP020478_frame_000314_gt_ref_labelColor.png,/home/rvl1421/Datasets/ACDC/gt_trainval/gt/fog/train/GP020478/GP020478_frame_000314_gt_labelTrainIds.png,fog,0,0.0,0.0,/home/rvl1421/Datasets/ACDC/gt_trainval/gt/fog/train/GP020478/GP020478_frame_000314_gt_invIds.png
/home/rvl1421/Datasets/ACDC/rgb_anon/fog/train/GP020478/GP020478_frame_000320_rgb_anon.png,/home/rvl1421/Datasets/ACDC/gt_trainval_ref/gt/fog/train_ref/GP020478/GP020478_frame_000320_gt_ref_labelColor.png,/home/rvl1421/Datasets/ACDC/gt_trainval/gt/fog/train/GP020478/GP020478_frame_000320_gt_labelTrainIds.png,fog,0,0.0,0.0,/home/rvl1421/Datasets/ACDC/gt_trainval/gt/fog/train/GP020478/GP020478_frame_000320_gt_invIds.png
/home/rvl1421/Datasets/ACDC/rgb_anon/fog/train/GP020478/GP020478_frame_000329_rgb_anon.png,/home/rvl1421/Datasets/ACDC/gt_trainval_ref/gt/fog/train_ref/GP020478/GP020478_frame_000329_gt_ref_labelColor.png,/home/rvl1421/Datasets/ACDC/gt_trainval/gt/fog/train/GP020478/GP020478_frame_000329_gt_labelTrainIds.png,fog,0,0.0,0.0,/home/rvl1421/Datasets/ACDC/gt_trainval/gt/fog/train/GP020478/GP020478_frame_000329_gt_invIds.png
/home/rvl1421/Datasets/ACDC/rgb_anon/rain/train/GOPR0400/GOPR0400_frame_000216_rgb_anon.png,/home/rvl1421/Datasets/ACDC/gt_trainval_ref/gt/rain/train_ref/GOPR0400/GOPR0400_frame_000216_gt_ref_labelColor.png,/home/rvl1421/Datasets/ACDC/gt_trainval/gt/rain/train/GOPR0400/GOPR0400_frame_000216_gt_labelTrainIds.png,rain,1,0.0,0.0,/home/rvl1421/Datasets/ACDC/gt_trainval/gt/rain/train/GOPR0400/GOPR0400_frame_000216_gt_invIds.png
/home/rvl1421/Datasets/ACDC/rgb_anon/rain/train/GOPR0400/GOPR0400_frame_000228_rgb_anon.png,/home/rvl1421/Datasets/ACDC/gt_trainval_ref/gt/rain/train_ref/GOPR0400/GOPR0400_frame_000228_gt_ref_labelColor.png,/home/rvl1421/Datasets/ACDC/gt_trainval/gt/rain/train/GOPR0400/GOPR0400_frame_000228_gt_labelTrainIds.png,rain,1,0.0,0.0,/home/rvl1421/Datasets/ACDC/gt_trainval/gt/rain/train/GOPR0400/GOPR0400_frame_000228_gt_invIds.png
/home/rvl1421/Datasets/ACDC/rgb_anon/rain/train/GOPR0400/GOPR0400_frame_000252_rgb_anon.png,/home/rvl1421/Datasets/ACDC/gt_trainval_ref/gt/rain/train_ref/GOPR0400/GOPR0400_frame_000252_gt_ref_labelColor.png,/home/rvl1421/Datasets/ACDC/gt_trainval/gt/rain/train/GOPR0400/GOPR0400_frame_000252_gt_labelTrainIds.png,rain,1,0.0,0.0,/home/rvl1421/Datasets/ACDC/gt_trainval/gt/rain/train/GOPR0400/GOPR0400_frame_000252_gt_invIds.png
/home/rvl1421/Datasets/ACDC/rgb_anon/rain/train/GOPR0400/GOPR0400_frame_000261_rgb_anon.png,/home/rvl1421/Datasets/ACDC/gt_trainval_ref/gt/rain/train_ref/GOPR0400/GOPR0400_frame_000261_gt_ref_labelColor.png,/home/rvl1421/Datasets/ACDC/gt_trainval/gt/rain/train/GOPR0400/GOPR0400_frame_000261_gt_labelTrainIds.png,rain,1,0.0,0.0,/home/rvl1421/Datasets/ACDC/gt_trainval/gt/rain/train/GOPR0400/GOPR0400_frame_000261_gt_invIds.png
/home/rvl1421/Datasets/ACDC/rgb_anon/rain/train/GOPR0400/GOPR0400_frame_000272_rgb_anon.png,/home/rvl1421/Datasets/ACDC/gt_trainval_ref/gt/rain/train_ref/GOPR0400/GOPR0400_frame_000272_gt_ref_labelColor.png,/home/rvl1421/Datasets/ACDC/gt_trainval/gt/rain/train/GOPR0400/GOPR0400_frame_000272_gt_labelTrainIds.png,rain,1,0.0,0.0,/home/rvl1421/Datasets/ACDC/gt_trainval/gt/rain/train/GOPR0400/GOPR0400_frame_000272_gt_invIds.png
/home/rvl1421/Datasets/ACDC/rgb_anon/rain/train/GOPR0400/GOPR0400_frame_000298_rgb_anon.png,/home/rvl1421/Datasets/ACDC/gt_trainval_ref/gt/rain/train_ref/GOPR0400/GOPR0400_frame_000298_gt_ref_labelColor.png,/home/rvl1421/Datasets/ACDC/gt_trainval/gt/rain/train/GOPR0400/GOPR0400_frame_000298_gt_labelTrainIds.png,rain,1,0.0,0.0,/home/rvl1421/Datasets/ACDC/gt_trainval/gt/rain/train/GOPR0400/GOPR0400_frame_000298_gt_invIds.png
/home/rvl1421/Datasets/ACDC/rgb_anon/rain/train/GOPR0400/GOPR0400_frame_000337_rgb_anon.png,/home/rvl1421/Datasets/ACDC/gt_trainval_ref/gt/rain/train_ref/GOPR0400/GOPR0400_frame_000337_gt_ref_labelColor.png,/home/rvl1421/Datasets/ACDC/gt_trainval/gt/rain/train/GOPR0400/GOPR0400_frame_000337_gt_labelTrainIds.png,rain,1,0.0,0.0,/home/rvl1421/Datasets/ACDC/gt_trainval/gt/rain/train/GOPR0400/GOPR0400_frame_000337_gt_invIds.png
/home/rvl1421/Datasets/ACDC/rgb_anon/rain/train/GOPR0400/GOPR0400_frame_000370_rgb_anon.png,/home/rvl1421/Datasets/ACDC/gt_trainval_ref/gt/rain/train_ref/GOPR0400/GOPR0400_frame_000370_gt_ref_labelColor.png,/home/rvl1421/Datasets/ACDC/gt_trainval/gt/rain/train/GOPR0400/GOPR0400_frame_000370_gt_labelTrainIds.png,rain,1,0.0,0.0,/home/rvl1421/Datasets/ACDC/gt_trainval/gt/rain/train/GOPR0400/GOPR0400_frame_000370_gt_invIds.png
/home/rvl1421/Datasets/ACDC/rgb_anon/rain/train/GOPR0400/GOPR0400_frame_000431_rgb_anon.png,/home/rvl1421/Datasets/ACDC/gt_trainval_ref/gt/rain/train_ref/GOPR0400/GOPR0400_frame_000431_gt_ref_labelColor.png,/home/rvl1421/Datasets/ACDC/gt_trainval/gt/rain/train/GOPR0400/GOPR0400_frame_000431_gt_labelTrainIds.png,rain,1,0.0,0.0,/home/rvl1421/Datasets/ACDC/gt_trainval/gt/rain/train/GOPR0400/GOPR0400_frame_000431_gt_invIds.png
/home/rvl1421/Datasets/ACDC/rgb_anon/rain/train/GOPR0400/GOPR0400_frame_000443_rgb_anon.png,/home/rvl1421/Datasets/ACDC/gt_trainval_ref/gt/rain/train_ref/GOPR0400/GOPR0400_frame_000443_gt_ref_labelColor.png,/home/rvl1421/Datasets/ACDC/gt_trainval/gt/rain/train/GOPR0400/GOPR0400_frame_000443_gt_labelTrainIds.png,rain,1,0.0,0.0,/home/rvl1421/Datasets/ACDC/gt_trainval/gt/rain/train/GOPR0400/GOPR0400_frame_000443_gt_invIds.png
/home/rvl1421/Datasets/ACDC/rgb_anon/rain/train/GOPR0400/GOPR0400_frame_000459_rgb_anon.png,/home/rvl1421/Datasets/ACDC/gt_trainval_ref/gt/rain/train_ref/GOPR0400/GOPR0400_frame_000459_gt_ref_labelColor.png,/home/rvl1421/Datasets/ACDC/gt_trainval/gt/rain/train/GOPR0400/GOPR0400_frame_000459_gt_labelTrainIds.png,rain,1,0.0,0.0,/home/rvl1421/Datasets/ACDC/gt_trainval/gt/rain/train/GOPR0400/GOPR0400_frame_000459_gt_invIds.png
/home/rvl1421/Datasets/ACDC/rgb_anon/rain/train/GOPR0400/GOPR0400_frame_000494_rgb_anon.png,/home/rvl1421/Datasets/ACDC/gt_trainval_ref/gt/rain/train_ref/GOPR0400/GOPR0400_frame_000494_gt_ref_labelColor.png,/home/rvl1421/Datasets/ACDC/gt_trainval/gt/rain/train/GOPR0400/GOPR0400_frame_000494_gt_labelTrainIds.png,rain,1,0.0,0.0,/home/rvl1421/Datasets/ACDC/gt_trainval/gt/rain/train/GOPR0400/GOPR0400_frame_000494_gt_invIds.png
/home/rvl1421/Datasets/ACDC/rgb_anon/rain/train/GOPR0400/GOPR0400_frame_000514_rgb_anon.png,/home/rvl1421/Datasets/ACDC/gt_trainval_ref/gt/rain/train_ref/GOPR0400/GOPR0400_frame_000514_gt_ref_labelColor.png,/home/rvl1421/Datasets/ACDC/gt_trainval/gt/rain/train/GOPR0400/GOPR0400_frame_000514_gt_labelTrainIds.png,rain,1,0.0,0.0,/home/rvl1421/Datasets/ACDC/gt_trainval/gt/rain/train/GOPR0400/GOPR0400_frame_000514_gt_invIds.png
/home/rvl1421/Datasets/ACDC/rgb_anon/rain/train/GOPR0400/GOPR0400_frame_000545_rgb_anon.png,/home/rvl1421/Datasets/ACDC/gt_trainval_ref/gt/rain/train_ref/GOPR0400/GOPR0400_frame_000545_gt_ref_labelColor.png,/home/rvl1421/Datasets/ACDC/gt_trainval/gt/rain/train/GOPR0400/GOPR0400_frame_000545_gt_labelTrainIds.png,rain,1,0.0,0.0,/home/rvl1421/Datasets/ACDC/gt_trainval/gt/rain/train/GOPR0400/GOPR0400_frame_000545_gt_invIds.png
/home/rvl1421/Datasets/ACDC/rgb_anon/rain/train/GOPR0400/GOPR0400_frame_000570_rgb_anon.png,/home/rvl1421/Datasets/ACDC/gt_trainval_ref/gt/rain/train_ref/GOPR0400/GOPR0400_frame_000570_gt_ref_labelColor.png,/home/rvl1421/Datasets/ACDC/gt_trainval/gt/rain/train/GOPR0400/GOPR0400_frame_000570_gt_labelTrainIds.png,rain,1,0.0,0.0,/home/rvl1421/Datasets/ACDC/gt_trainval/gt/rain/train/GOPR0400/GOPR0400_frame_000570_gt_invIds.png
/home/rvl1421/Datasets/ACDC/rgb_anon/rain/train/GOPR0400/GOPR0400_frame_000580_rgb_anon.png,/home/rvl1421/Datasets/ACDC/gt_trainval_ref/gt/rain/train_ref/GOPR0400/GOPR0400_frame_000580_gt_ref_labelColor.png,/home/rvl1421/Datasets/ACDC/gt_trainval/gt/rain/train/GOPR0400/GOPR0400_frame_000580_gt_labelTrainIds.png,rain,1,0.0,0.0,/home/rvl1421/Datasets/ACDC/gt_trainval/gt/rain/train/GOPR0400/GOPR0400_frame_000580_gt_invIds.png
/home/rvl1421/Datasets/ACDC/rgb_anon/rain/train/GOPR0400/GOPR0400_frame_000597_rgb_anon.png,/home/rvl1421/Datasets/ACDC/gt_trainval_ref/gt/rain/train_ref/GOPR0400/GOPR0400_frame_000597_gt_ref_labelColor.png,/home/rvl1421/Datasets/ACDC/gt_trainval/gt/rain/train/GOPR0400/GOPR0400_frame_000597_gt_labelTrainIds.png,rain,1,0.0,0.0,/home/rvl1421/Datasets/ACDC/gt_trainval/gt/rain/train/GOPR0400/GOPR0400_frame_000597_gt_invIds.png
/home/rvl1421/Datasets/ACDC/rgb_anon/rain/train/GOPR0400/GOPR0400_frame_000636_rgb_anon.png,/home/rvl1421/Datasets/ACDC/gt_trainval_ref/gt/rain/train_ref/GOPR0400/GOPR0400_frame_000636_gt_ref_labelColor.png,/home/rvl1421/Datasets/ACDC/gt_trainval/gt/rain/train/GOPR0400/GOPR0400_frame_000636_gt_labelTrainIds.png,rain,1,0.0,0.0,/home/rvl1421/Datasets/ACDC/gt_trainval/gt/rain/train/GOPR0400/GOPR0400_frame_000636_gt_invIds.png
/home/rvl1421/Datasets/ACDC/rgb_anon/rain/train/GOPR0400/GOPR0400_frame_000662_rgb_anon.png,/home/rvl1421/Datasets/ACDC/gt_trainval_ref/gt/rain/train_ref/GOPR0400/GOPR0400_frame_000662_gt_ref_labelColor.png,/home/rvl1421/Datasets/ACDC/gt_trainval/gt/rain/train/GOPR0400/GOPR0400_frame_000662_gt_labelTrainIds.png,rain,1,0.0,0.0,/home/rvl1421/Datasets/ACDC/gt_trainval/gt/rain/train/GOPR0400/GOPR0400_frame_000662_gt_invIds.png
/home/rvl1421/Datasets/ACDC/rgb_anon/rain/train/GOPR0400/GOPR0400_frame_000674_rgb_anon.png,/home/rvl1421/Datasets/ACDC/gt_trainval_ref/gt/rain/train_ref/GOPR0400/GOPR0400_frame_000674_gt_ref_labelColor.png,/home/rvl1421/Datasets/ACDC/gt_trainval/gt/rain/train/GOPR0400/GOPR0400_frame_000674_gt_labelTrainIds.png,rain,1,0.0,0.0,/home/rvl1421/Datasets/ACDC/gt_trainval/gt/rain/train/GOPR0400/GOPR0400_frame_000674_gt_invIds.png
/home/rvl1421/Datasets/ACDC/rgb_anon/rain/train/GOPR0400/GOPR0400_frame_000683_rgb_anon.png,/home/rvl1421/Datasets/ACDC/gt_trainval_ref/gt/rain/train_ref/GOPR0400/GOPR0400_frame_000683_gt_ref_labelColor.png,/home/rvl1421/Datasets/ACDC/gt_trainval/gt/rain/train/GOPR0400/GOPR0400_frame_000683_gt_labelTrainIds.png,rain,1,0.0,0.0,/home/rvl1421/Datasets/ACDC/gt_trainval/gt/rain/train/GOPR0400/GOPR0400_frame_000683_gt_invIds.png
/home/rvl1421/Datasets/ACDC/rgb_anon/rain/train/GOPR0400/GOPR0400_frame_000698_rgb_anon.png,/home/rvl1421/Datasets/ACDC/gt_trainval_ref/gt/rain/train_ref/GOPR0400/GOPR0400_frame_000698_gt_ref_labelColor.png,/home/rvl1421/Datasets/ACDC/gt_trainval/gt/rain/train/GOPR0400/GOPR0400_frame_000698_gt_labelTrainIds.png,rain,1,0.0,0.0,/home/rvl1421/Datasets/ACDC/gt_trainval/gt/rain/train/GOPR0400/GOPR0400_frame_000698_gt_invIds.png
/home/rvl1421/Datasets/ACDC/rgb_anon/rain/train/GOPR0400/GOPR0400_frame_000706_rgb_anon.png,/home/rvl1421/Datasets/ACDC/gt_trainval_ref/gt/rain/train_ref/GOPR0400/GOPR0400_frame_000706_gt_ref_labelColor.png,/home/rvl1421/Datasets/ACDC/gt_trainval/gt/rain/train/GOPR0400/GOPR0400_frame_000706_gt_labelTrainIds.png,rain,1,0.0,0.0,/home/rvl1421/Datasets/ACDC/gt_trainval/gt/rain/train/GOPR0400/GOPR0400_frame_000706_gt_invIds.png
/home/rvl1421/Datasets/ACDC/rgb_anon/rain/train/GOPR0400/GOPR0400_frame_000716_rgb_anon.png,/home/rvl1421/Datasets/ACDC/gt_trainval_ref/gt/rain/train_ref/GOPR0400/GOPR0400_frame_000716_gt_ref_labelColor.png,/home/rvl1421/Datasets/ACDC/gt_trainval/gt/rain/train/GOPR0400/GOPR0400_frame_000716_gt_labelTrainIds.png,rain,1,0.0,0.0,/home/rvl1421/Datasets/ACDC/gt_trainval/gt/rain/train/GOPR0400/GOPR0400_frame_000716_gt_invIds.png
/home/rvl1421/Datasets/ACDC/rgb_anon/rain/train/GOPR0400/GOPR0400_frame_000747_rgb_anon.png,/home/rvl1421/Datasets/ACDC/gt_trainval_ref/gt/rain/train_ref/GOPR0400/GOPR0400_frame_000747_gt_ref_labelColor.png,/home/rvl1421/Datasets/ACDC/gt_trainval/gt/rain/train/GOPR0400/GOPR0400_frame_000747_gt_labelTrainIds.png,rain,1,0.0,0.0,/home/rvl1421/Datasets/ACDC/gt_trainval/gt/rain/train/GOPR0400/GOPR0400_frame_000747_gt_invIds.png
/home/rvl1421/Datasets/ACDC/rgb_anon/rain/train/GOPR0400/GOPR0400_frame_000803_rgb_anon.png,/home/rvl1421/Datasets/ACDC/gt_trainval_ref/gt/rain/train_ref/GOPR0400/GOPR0400_frame_000803_gt_ref_labelColor.png,/home/rvl1421/Datasets/ACDC/gt_trainval/gt/rain/train/GOPR0400/GOPR0400_frame_000803_gt_labelTrainIds.png,rain,1,0.0,0.0,/home/rvl1421/Datasets/ACDC/gt_trainval/gt/rain/train/GOPR0400/GOPR0400_frame_000803_gt_invIds.png
/home/rvl1421/Datasets/ACDC/rgb_anon/rain/train/GOPR0400/GOPR0400_frame_000829_rgb_anon.png,/home/rvl1421/Datasets/ACDC/gt_trainval_ref/gt/rain/train_ref/GOPR0400/GOPR0400_frame_000829_gt_ref_labelColor.png,/home/rvl1421/Datasets/ACDC/gt_trainval/gt/rain/train/GOPR0400/GOPR0400_frame_000829_gt_labelTrainIds.png,rain,1,0.0,0.0,/home/rvl1421/Datasets/ACDC/gt_trainval/gt/rain/train/GOPR0400/GOPR0400_frame_000829_gt_invIds.png
/home/rvl1421/Datasets/ACDC/rgb_anon/rain/train/GOPR0400/GOPR0400_frame_000856_rgb_anon.png,/home/rvl1421/Datasets/ACDC/gt_trainval_ref/gt/rain/train_ref/GOPR0400/GOPR0400_frame_000856_gt_ref_labelColor.png,/home/rvl1421/Datasets/ACDC/gt_trainval/gt/rain/train/GOPR0400/GOPR0400_frame_000856_gt_labelTrainIds.png,rain,1,0.0,0.0,/home/rvl1421/Datasets/ACDC/gt_trainval/gt/rain/train/GOPR0400/GOPR0400_frame_000856_gt_invIds.png
/home/rvl1421/Datasets/ACDC/rgb_anon/rain/train/GOPR0400/GOPR0400_frame_000896_rgb_anon.png,/home/rvl1421/Datasets/ACDC/gt_trainval_ref/gt/rain/train_ref/GOPR0400/GOPR0400_frame_000896_gt_ref_labelColor.png,/home/rvl1421/Datasets/ACDC/gt_trainval/gt/rain/train/GOPR0400/GOPR0400_frame_000896_gt_labelTrainIds.png,rain,1,0.0,0.0,/home/rvl1421/Datasets/ACDC/gt_trainval/gt/rain/train/GOPR0400/GOPR0400_frame_000896_gt_invIds.png
/home/rvl1421/Datasets/ACDC/rgb_anon/rain/train/GOPR0400/GOPR0400_frame_000922_rgb_anon.png,/home/rvl1421/Datasets/ACDC/gt_trainval_ref/gt/rain/train_ref/GOPR0400/GOPR0400_frame_000922_gt_ref_labelColor.png,/home/rvl1421/Datasets/ACDC/gt_trainval/gt/rain/train/GOPR0400/GOPR0400_frame_000922_gt_labelTrainIds.png,rain,1,0.0,0.0,/home/rvl1421/Datasets/ACDC/gt_trainval/gt/rain/train/GOPR0400/GOPR0400_frame_000922_gt_invIds.png
/home/rvl1421/Datasets/ACDC/rgb_anon/rain/train/GOPR0400/GOPR0400_frame_000940_rgb_anon.png,/home/rvl1421/Datasets/ACDC/gt_trainval_ref/gt/rain/train_ref/GOPR0400/GOPR0400_frame_000940_gt_ref_labelColor.png,/home/rvl1421/Datasets/ACDC/gt_trainval/gt/rain/train/GOPR0400/GOPR0400_frame_000940_gt_labelTrainIds.png,rain,1,0.0,0.0,/home/rvl1421/Datasets/ACDC/gt_trainval/gt/rain/train/GOPR0400/GOPR0400_frame_000940_gt_invIds.png
/home/rvl1421/Datasets/ACDC/rgb_anon/rain/train/GOPR0400/GOPR0400_frame_000950_rgb_anon.png,/home/rvl1421/Datasets/ACDC/gt_trainval_ref/gt/rain/train_ref/GOPR0400/GOPR0400_frame_000950_gt_ref_labelColor.png,/home/rvl1421/Datasets/ACDC/gt_trainval/gt/rain/train/GOPR0400/GOPR0400_frame_000950_gt_labelTrainIds.png,rain,1,0.0,0.0,/home/rvl1421/Datasets/ACDC/gt_trainval/gt/rain/train/GOPR0400/GOPR0400_frame_000950_gt_invIds.png
/home/rvl1421/Datasets/ACDC/rgb_anon/rain/train/GOPR0400/GOPR0400_frame_000969_rgb_anon.png,/home/rvl1421/Datasets/ACDC/gt_trainval_ref/gt/rain/train_ref/GOPR0400/GOPR0400_frame_000969_gt_ref_labelColor.png,/home/rvl1421/Datasets/ACDC/gt_trainval/gt/rain/train/GOPR0400/GOPR0400_frame_000969_gt_labelTrainIds.png,rain,1,0.0,0.0,/home/rvl1421/Datasets/ACDC/gt_trainval/gt/rain/train/GOPR0400/GOPR0400_frame_000969_gt_invIds.png
/home/rvl1421/Datasets/ACDC/rgb_anon/rain/train/GOPR0400/GOPR0400_frame_000998_rgb_anon.png,/home/rvl1421/Datasets/ACDC/gt_trainval_ref/gt/rain/train_ref/GOPR0400/GOPR0400_frame_000998_gt_ref_labelColor.png,/home/rvl1421/Datasets/ACDC/gt_trainval/gt/rain/train/GOPR0400/GOPR0400_frame_000998_gt_labelTrainIds.png,rain,1,0.0,0.0,/home/rvl1421/Datasets/ACDC/gt_trainval/gt/rain/train/GOPR0400/GOPR0400_frame_000998_gt_invIds.png
/home/rvl1421/Datasets/ACDC/rgb_anon/rain/train/GOPR0400/GOPR0400_frame_001009_rgb_anon.png,/home/rvl1421/Datasets/ACDC/gt_trainval_ref/gt/rain/train_ref/GOPR0400/GOPR0400_frame_001009_gt_ref_labelColor.png,/home/rvl1421/Datasets/ACDC/gt_trainval/gt/rain/train/GOPR0400/GOPR0400_frame_001009_gt_labelTrainIds.png,rain,1,0.0,0.0,/home/rvl1421/Datasets/ACDC/gt_trainval/gt/rain/train/GOPR0400/GOPR0400_frame_001009_gt_invIds.png
/home/rvl1421/Datasets/ACDC/rgb_anon/rain/train/GOPR0400/GOPR0400_frame_001022_rgb_anon.png,/home/rvl1421/Datasets/ACDC/gt_trainval_ref/gt/rain/train_ref/GOPR0400/GOPR0400_frame_001022_gt_ref_labelColor.png,/home/rvl1421/Datasets/ACDC/gt_trainval/gt/rain/train/GOPR0400/GOPR0400_frame_001022_gt_labelTrainIds.png,rain,1,0.0,0.0,/home/rvl1421/Datasets/ACDC/gt_trainval/gt/rain/train/GOPR0400/GOPR0400_frame_001022_gt_invIds.png
/home/rvl1421/Datasets/ACDC/rgb_anon/rain/train/GOPR0400/GOPR0400_frame_001044_rgb_anon.png,/home/rvl1421/Datasets/ACDC/gt_trainval_ref/gt/rain/train_ref/GOPR0400/GOPR0400_frame_001044_gt_ref_labelColor.png,/home/rvl1421/Datasets/ACDC/gt_trainval/gt/rain/train/GOPR0400/GOPR0400_frame_001044_gt_labelTrainIds.png,rain,1,0.0,0.0,/home/rvl1421/Datasets/ACDC/gt_trainval/gt/rain/train/GOPR0400/GOPR0400_frame_001044_gt_invIds.png
/home/rvl1421/Datasets/ACDC/rgb_anon/rain/train/GOPR0400/GOPR0400_frame_001054_rgb_anon.png,/home/rvl1421/Datasets/ACDC/gt_trainval_ref/gt/rain/train_ref/GOPR0400/GOPR0400_frame_001054_gt_ref_labelColor.png,/home/rvl1421/Datasets/ACDC/gt_trainval/gt/rain/train/GOPR0400/GOPR0400_frame_001054_gt_labelTrainIds.png,rain,1,0.0,0.0,/home/rvl1421/Datasets/ACDC/gt_trainval/gt/rain/train/GOPR0400/GOPR0400_frame_001054_gt_invIds.png
/home/rvl1421/Datasets/ACDC/rgb_anon/rain/train/GOPR0402/GOPR0402_frame_000491_rgb_anon.png,/home/rvl1421/Datasets/ACDC/gt_trainval_ref/gt/rain/train_ref/GOPR0402/GOPR0402_frame_000491_gt_ref_labelColor.png,/home/rvl1421/Datasets/ACDC/gt_trainval/gt/rain/train/GOPR0402/GOPR0402_frame_000491_gt_labelTrainIds.png,rain,1,0.0,0.0,/home/rvl1421/Datasets/ACDC/gt_trainval/gt/rain/train/GOPR0402/GOPR0402_frame_000491_gt_invIds.png
/home/rvl1421/Datasets/ACDC/rgb_anon/rain/train/GOPR0402/GOPR0402_frame_000506_rgb_anon.png,/home/rvl1421/Datasets/ACDC/gt_trainval_ref/gt/rain/train_ref/GOPR0402/GOPR0402_frame_000506_gt_ref_labelColor.png,/home/rvl1421/Datasets/ACDC/gt_trainval/gt/rain/train/GOPR0402/GOPR0402_frame_000506_gt_labelTrainIds.png,rain,1,0.0,0.0,/home/rvl1421/Datasets/ACDC/gt_trainval/gt/rain/train/GOPR0402/GOPR0402_frame_000506_gt_invIds.png
/home/rvl1421/Datasets/ACDC/rgb_anon/rain/train/GOPR0402/GOPR0402_frame_000516_rgb_anon.png,/home/rvl1421/Datasets/ACDC/gt_trainval_ref/gt/rain/train_ref/GOPR0402/GOPR0402_frame_000516_gt_ref_labelColor.png,/home/rvl1421/Datasets/ACDC/gt_trainval/gt/rain/train/GOPR0402/GOPR0402_frame_000516_gt_labelTrainIds.png,rain,1,0.0,0.0,/home/rvl1421/Datasets/ACDC/gt_trainval/gt/rain/train/GOPR0402/GOPR0402_frame_000516_gt_invIds.png
/home/rvl1421/Datasets/ACDC/rgb_anon/rain/train/GOPR0402/GOPR0402_frame_000531_rgb_anon.png,/home/rvl1421/Datasets/ACDC/gt_trainval_ref/gt/rain/train_ref/GOPR0402/GOPR0402_frame_000531_gt_ref_labelColor.png,/home/rvl1421/Datasets/ACDC/gt_trainval/gt/rain/train/GOPR0402/GOPR0402_frame_000531_gt_labelTrainIds.png,rain,1,0.0,0.0,/home/rvl1421/Datasets/ACDC/gt_trainval/gt/rain/train/GOPR0402/GOPR0402_frame_000531_gt_invIds.png
/home/rvl1421/Datasets/ACDC/rgb_anon/rain/train/GOPR0402/GOPR0402_frame_000541_rgb_anon.png,/home/rvl1421/Datasets/ACDC/gt_trainval_ref/gt/rain/train_ref/GOPR0402/GOPR0402_frame_000541_gt_ref_labelColor.png,/home/rvl1421/Datasets/ACDC/gt_trainval/gt/rain/train/GOPR0402/GOPR0402_frame_000541_gt_labelTrainIds.png,rain,1,0.0,0.0,/home/rvl1421/Datasets/ACDC/gt_trainval/gt/rain/train/GOPR0402/GOPR0402_frame_000541_gt_invIds.png
/home/rvl1421/Datasets/ACDC/rgb_anon/rain/train/GOPR0402/GOPR0402_frame_000551_rgb_anon.png,/home/rvl1421/Datasets/ACDC/gt_trainval_ref/gt/rain/train_ref/GOPR0402/GOPR0402_frame_000551_gt_ref_labelColor.png,/home/rvl1421/Datasets/ACDC/gt_trainval/gt/rain/train/GOPR0402/GOPR0402_frame_000551_gt_labelTrainIds.png,rain,1,0.0,0.0,/home/rvl1421/Datasets/ACDC/gt_trainval/gt/rain/train/GOPR0402/GOPR0402_frame_000551_gt_invIds.png
/home/rvl1421/Datasets/ACDC/rgb_anon/rain/train/GOPR0402/GOPR0402_frame_000561_rgb_anon.png,/home/rvl1421/Datasets/ACDC/gt_trainval_ref/gt/rain/train_ref/GOPR0402/GOPR0402_frame_000561_gt_ref_labelColor.png,/home/rvl1421/Datasets/ACDC/gt_trainval/gt/rain/train/GOPR0402/GOPR0402_frame_000561_gt_labelTrainIds.png,rain,1,0.0,0.0,/home/rvl1421/Datasets/ACDC/gt_trainval/gt/rain/train/GOPR0402/GOPR0402_frame_000561_gt_invIds.png
/home/rvl1421/Datasets/ACDC/rgb_anon/rain/train/GOPR0402/GOPR0402_frame_000587_rgb_anon.png,/home/rvl1421/Datasets/ACDC/gt_trainval_ref/gt/rain/train_ref/GOPR0402/GOPR0402_frame_000587_gt_ref_labelColor.png,/home/rvl1421/Datasets/ACDC/gt_trainval/gt/rain/train/GOPR0402/GOPR0402_frame_000587_gt_labelTrainIds.png,rain,1,0.0,0.0,/home/rvl1421/Datasets/ACDC/gt_trainval/gt/rain/train/GOPR0402/GOPR0402_frame_000587_gt_invIds.png
/home/rvl1421/Datasets/ACDC/rgb_anon/rain/train/GOPR0402/GOPR0402_frame_000605_rgb_anon.png,/home/rvl1421/Datasets/ACDC/gt_trainval_ref/gt/rain/train_ref/GOPR0402/GOPR0402_frame_000605_gt_ref_labelColor.png,/home/rvl1421/Datasets/ACDC/gt_trainval/gt/rain/train/GOPR0402/GOPR0402_frame_000605_gt_labelTrainIds.png,rain,1,0.0,0.0,/home/rvl1421/Datasets/ACDC/gt_trainval/gt/rain/train/GOPR0402/GOPR0402_frame_000605_gt_invIds.png
/home/rvl1421/Datasets/ACDC/rgb_anon/rain/train/GOPR0402/GOPR0402_frame_000632_rgb_anon.png,/home/rvl1421/Datasets/ACDC/gt_trainval_ref/gt/rain/train_ref/GOPR0402/GOPR0402_frame_000632_gt_ref_labelColor.png,/home/rvl1421/Datasets/ACDC/gt_trainval/gt/rain/train/GOPR0402/GOPR0402_frame_000632_gt_labelTrainIds.png,rain,1,0.0,0.0,/home/rvl1421/Datasets/ACDC/gt_trainval/gt/rain/train/GOPR0402/GOPR0402_frame_000632_gt_invIds.png
/home/rvl1421/Datasets/ACDC/rgb_anon/rain/train/GOPR0402/GOPR0402_frame_000661_rgb_anon.png,/home/rvl1421/Datasets/ACDC/gt_trainval_ref/gt/rain/train_ref/GOPR0402/GOPR0402_frame_000661_gt_ref_labelColor.png,/home/rvl1421/Datasets/ACDC/gt_trainval/gt/rain/train/GOPR0402/GOPR0402_frame_000661_gt_labelTrainIds.png,rain,1,0.0,0.0,/home/rvl1421/Datasets/ACDC/gt_trainval/gt/rain/train/GOPR0402/GOPR0402_frame_000661_gt_invIds.png
/home/rvl1421/Datasets/ACDC/rgb_anon/rain/train/GOPR0402/GOPR0402_frame_000675_rgb_anon.png,/home/rvl1421/Datasets/ACDC/gt_trainval_ref/gt/rain/train_ref/GOPR0402/GOPR0402_frame_000675_gt_ref_labelColor.png,/home/rvl1421/Datasets/ACDC/gt_trainval/gt/rain/train/GOPR0402/GOPR0402_frame_000675_gt_labelTrainIds.png,rain,1,0.0,0.0,/home/rvl1421/Datasets/ACDC/gt_trainval/gt/rain/train/GOPR0402/GOPR0402_frame_000675_gt_invIds.png
/home/rvl1421/Datasets/ACDC/rgb_anon/rain/train/GOPR0402/GOPR0402_frame_000687_rgb_anon.png,/home/rvl1421/Datasets/ACDC/gt_trainval_ref/gt/rain/train_ref/GOPR0402/GOPR0402_frame_000687_gt_ref_labelColor.png,/home/rvl1421/Datasets/ACDC/gt_trainval/gt/rain/train/GOPR0402/GOPR0402_frame_000687_gt_labelTrainIds.png,rain,1,0.0,0.0,/home/rvl1421/Datasets/ACDC/gt_trainval/gt/rain/train/GOPR0402/GOPR0402_frame_000687_gt_invIds.png
/home/rvl1421/Datasets/ACDC/rgb_anon/rain/train/GOPR0402/GOPR0402_frame_000705_rgb_anon.png,/home/rvl1421/Datasets/ACDC/gt_trainval_ref/gt/rain/train_ref/GOPR0402/GOPR0402_frame_000705_gt_ref_labelColor.png,/home/rvl1421/Datasets/ACDC/gt_trainval/gt/rain/train/GOPR0402/GOPR0402_frame_000705_gt_labelTrainIds.png,rain,1,0.0,0.0,/home/rvl1421/Datasets/ACDC/gt_trainval/gt/rain/train/GOPR0402/GOPR0402_frame_000705_gt_invIds.png
/home/rvl1421/Datasets/ACDC/rgb_anon/rain/train/GOPR0402/GOPR0402_frame_000718_rgb_anon.png,/home/rvl1421/Datasets/ACDC/gt_trainval_ref/gt/rain/train_ref/GOPR0402/GOPR0402_frame_000718_gt_ref_labelColor.png,/home/rvl1421/Datasets/ACDC/gt_trainval/gt/rain/train/GOPR0402/GOPR0402_frame_000718_gt_labelTrainIds.png,rain,1,0.0,0.0,/home/rvl1421/Datasets/ACDC/gt_trainval/gt/rain/train/GOPR0402/GOPR0402_frame_000718_gt_invIds.png
/home/rvl1421/Datasets/ACDC/rgb_anon/rain/train/GOPR0402/GOPR0402_frame_000832_rgb_anon.png,/home/rvl1421/Datasets/ACDC/gt_trainval_ref/gt/rain/train_ref/GOPR0402/GOPR0402_frame_000832_gt_ref_labelColor.png,/home/rvl1421/Datasets/ACDC/gt_trainval/gt/rain/train/GOPR0402/GOPR0402_frame_000832_gt_labelTrainIds.png,rain,1,0.0,0.0,/home/rvl1421/Datasets/ACDC/gt_trainval/gt/rain/train/GOPR0402/GOPR0402_frame_000832_gt_invIds.png
/home/rvl1421/Datasets/ACDC/rgb_anon/rain/train/GOPR0402/GOPR0402_frame_000850_rgb_anon.png,/home/rvl1421/Datasets/ACDC/gt_trainval_ref/gt/rain/train_ref/GOPR0402/GOPR0402_frame_000850_gt_ref_labelColor.png,/home/rvl1421/Datasets/ACDC/gt_trainval/gt/rain/train/GOPR0402/GOPR0402_frame_000850_gt_labelTrainIds.png,rain,1,0.0,0.0,/home/rvl1421/Datasets/ACDC/gt_trainval/gt/rain/train/GOPR0402/GOPR0402_frame_000850_gt_invIds.png
/home/rvl1421/Datasets/ACDC/rgb_anon/rain/train/GOPR0402/GOPR0402_frame_000874_rgb_anon.png,/home/rvl1421/Datasets/ACDC/gt_trainval_ref/gt/rain/train_ref/GOPR0402/GOPR0402_frame_000874_gt_ref_labelColor.png,/home/rvl1421/Datasets/ACDC/gt_trainval/gt/rain/train/GOPR0402/GOPR0402_frame_000874_gt_labelTrainIds.png,rain,1,0.0,0.0,/home/rvl1421/Datasets/ACDC/gt_trainval/gt/rain/train/GOPR0402/GOPR0402_frame_000874_gt_invIds.png
/home/rvl1421/Datasets/ACDC/rgb_anon/rain/train/GOPR0402/GOPR0402_frame_000892_rgb_anon.png,/home/rvl1421/Datasets/ACDC/gt_trainval_ref/gt/rain/train_ref/GOPR0402/GOPR0402_frame_000892_gt_ref_labelColor.png,/home/rvl1421/Datasets/ACDC/gt_trainval/gt/rain/train/GOPR0402/GOPR0402_frame_000892_gt_labelTrainIds.png,rain,1,0.0,0.0,/home/rvl1421/Datasets/ACDC/gt_trainval/gt/rain/train/GOPR0402/GOPR0402_frame_000892_gt_invIds.png
/home/rvl1421/Datasets/ACDC/rgb_anon/rain/train/GOPR0402/GOPR0402_frame_000905_rgb_anon.png,/home/rvl1421/Datasets/ACDC/gt_trainval_ref/gt/rain/train_ref/GOPR0402/GOPR0402_frame_000905_gt_ref_labelColor.png,/home/rvl1421/Datasets/ACDC/gt_trainval/gt/rain/train/GOPR0402/GOPR0402_frame_000905_gt_labelTrainIds.png,rain,1,0.0,0.0,/home/rvl1421/Datasets/ACDC/gt_trainval/gt/rain/train/GOPR0402/GOPR0402_frame_000905_gt_invIds.png
/home/rvl1421/Datasets/ACDC/rgb_anon/rain/train/GOPR0402/GOPR0402_frame_000937_rgb_anon.png,/home/rvl1421/Datasets/ACDC/gt_trainval_ref/gt/rain/train_ref/GOPR0402/GOPR0402_frame_000937_gt_ref_labelColor.png,/home/rvl1421/Datasets/ACDC/gt_trainval/gt/rain/train/GOPR0402/GOPR0402_frame_000937_gt_labelTrainIds.png,rain,1,0.0,0.0,/home/rvl1421/Datasets/ACDC/gt_trainval/gt/rain/train/GOPR0402/GOPR0402_frame_000937_gt_invIds.png
/home/rvl1421/Datasets/ACDC/rgb_anon/rain/train/GOPR0402/GOPR0402_frame_000964_rgb_anon.png,/home/rvl1421/Datasets/ACDC/gt_trainval_ref/gt/rain/train_ref/GOPR0402/GOPR0402_frame_000964_gt_ref_labelColor.png,/home/rvl1421/Datasets/ACDC/gt_trainval/gt/rain/train/GOPR0402/GOPR0402_frame_000964_gt_labelTrainIds.png,rain,1,0.0,0.0,/home/rvl1421/Datasets/ACDC/gt_trainval/gt/rain/train/GOPR0402/GOPR0402_frame_000964_gt_invIds.png
/home/rvl1421/Datasets/ACDC/rgb_anon/rain/train/GOPR0402/GOPR0402_frame_000984_rgb_anon.png,/home/rvl1421/Datasets/ACDC/gt_trainval_ref/gt/rain/train_ref/GOPR0402/GOPR0402_frame_000984_gt_ref_labelColor.png,/home/rvl1421/Datasets/ACDC/gt_trainval/gt/rain/train/GOPR0402/GOPR0402_frame_000984_gt_labelTrainIds.png,rain,1,0.0,0.0,/home/rvl1421/Datasets/ACDC/gt_trainval/gt/rain/train/GOPR0402/GOPR0402_frame_000984_gt_invIds.png
/home/rvl1421/Datasets/ACDC/rgb_anon/rain/train/GOPR0402/GOPR0402_frame_001014_rgb_anon.png,/home/rvl1421/Datasets/ACDC/gt_trainval_ref/gt/rain/train_ref/GOPR0402/GOPR0402_frame_001014_gt_ref_labelColor.png,/home/rvl1421/Datasets/ACDC/gt_trainval/gt/rain/train/GOPR0402/GOPR0402_frame_001014_gt_labelTrainIds.png,rain,1,0.0,0.0,/home/rvl1421/Datasets/ACDC/gt_trainval/gt/rain/train/GOPR0402/GOPR0402_frame_001014_gt_invIds.png
/home/rvl1421/Datasets/ACDC/rgb_anon/rain/train/GOPR0402/GOPR0402_frame_001028_rgb_anon.png,/home/rvl1421/Datasets/ACDC/gt_trainval_ref/gt/rain/train_ref/GOPR0402/GOPR0402_frame_001028_gt_ref_labelColor.png,/home/rvl1421/Datasets/ACDC/gt_trainval/gt/rain/train/GOPR0402/GOPR0402_frame_001028_gt_labelTrainIds.png,rain,1,0.0,0.0,/home/rvl1421/Datasets/ACDC/gt_trainval/gt/rain/train/GOPR0402/GOPR0402_frame_001028_gt_invIds.png
/home/rvl1421/Datasets/ACDC/rgb_anon/rain/train/GOPR0402/GOPR0402_frame_001040_rgb_anon.png,/home/rvl1421/Datasets/ACDC/gt_trainval_ref/gt/rain/train_ref/GOPR0402/GOPR0402_frame_001040_gt_ref_labelColor.png,/home/rvl1421/Datasets/ACDC/gt_trainval/gt/rain/train/GOPR0402/GOPR0402_frame_001040_gt_labelTrainIds.png,rain,1,0.0,0.0,/home/rvl1421/Datasets/ACDC/gt_trainval/gt/rain/train/GOPR0402/GOPR0402_frame_001040_gt_invIds.png
/home/rvl1421/Datasets/ACDC/rgb_anon/rain/train/GOPR0402/GOPR0402_frame_001056_rgb_anon.png,/home/rvl1421/Datasets/ACDC/gt_trainval_ref/gt/rain/train_ref/GOPR0402/GOPR0402_frame_001056_gt_ref_labelColor.png,/home/rvl1421/Datasets/ACDC/gt_trainval/gt/rain/train/GOPR0402/GOPR0402_frame_001056_gt_labelTrainIds.png,rain,1,0.0,0.0,/home/rvl1421/Datasets/ACDC/gt_trainval/gt/rain/train/GOPR0402/GOPR0402_frame_001056_gt_invIds.png
/home/rvl1421/Datasets/ACDC/rgb_anon/rain/train/GP010400/GP010400_frame_000012_rgb_anon.png,/home/rvl1421/Datasets/ACDC/gt_trainval_ref/gt/rain/train_ref/GP010400/GP010400_frame_000012_gt_ref_labelColor.png,/home/rvl1421/Datasets/ACDC/gt_trainval/gt/rain/train/GP010400/GP010400_frame_000012_gt_labelTrainIds.png,rain,1,0.0,0.0,/home/rvl1421/Datasets/ACDC/gt_trainval/gt/rain/train/GP010400/GP010400_frame_000012_gt_invIds.png
/home/rvl1421/Datasets/ACDC/rgb_anon/rain/train/GP010400/GP010400_frame_000027_rgb_anon.png,/home/rvl1421/Datasets/ACDC/gt_trainval_ref/gt/rain/train_ref/GP010400/GP010400_frame_000027_gt_ref_labelColor.png,/home/rvl1421/Datasets/ACDC/gt_trainval/gt/rain/train/GP010400/GP010400_frame_000027_gt_labelTrainIds.png,rain,1,0.0,0.0,/home/rvl1421/Datasets/ACDC/gt_trainval/gt/rain/train/GP010400/GP010400_frame_000027_gt_invIds.png
/home/rvl1421/Datasets/ACDC/rgb_anon/rain/train/GP010400/GP010400_frame_000037_rgb_anon.png,/home/rvl1421/Datasets/ACDC/gt_trainval_ref/gt/rain/train_ref/GP010400/GP010400_frame_000037_gt_ref_labelColor.png,/home/rvl1421/Datasets/ACDC/gt_trainval/gt/rain/train/GP010400/GP010400_frame_000037_gt_labelTrainIds.png,rain,1,0.0,0.0,/home/rvl1421/Datasets/ACDC/gt_trainval/gt/rain/train/GP010400/GP010400_frame_000037_gt_invIds.png
/home/rvl1421/Datasets/ACDC/rgb_anon/rain/train/GP010400/GP010400_frame_000047_rgb_anon.png,/home/rvl1421/Datasets/ACDC/gt_trainval_ref/gt/rain/train_ref/GP010400/GP010400_frame_000047_gt_ref_labelColor.png,/home/rvl1421/Datasets/ACDC/gt_trainval/gt/rain/train/GP010400/GP010400_frame_000047_gt_labelTrainIds.png,rain,1,0.0,0.0,/home/rvl1421/Datasets/ACDC/gt_trainval/gt/rain/train/GP010400/GP010400_frame_000047_gt_invIds.png
/home/rvl1421/Datasets/ACDC/rgb_anon/rain/train/GP010400/GP010400_frame_000059_rgb_anon.png,/home/rvl1421/Datasets/ACDC/gt_trainval_ref/gt/rain/train_ref/GP010400/GP010400_frame_000059_gt_ref_labelColor.png,/home/rvl1421/Datasets/ACDC/gt_trainval/gt/rain/train/GP010400/GP010400_frame_000059_gt_labelTrainIds.png,rain,1,0.0,0.0,/home/rvl1421/Datasets/ACDC/gt_trainval/gt/rain/train/GP010400/GP010400_frame_000059_gt_invIds.png
/home/rvl1421/Datasets/ACDC/rgb_anon/rain/train/GP010400/GP010400_frame_000071_rgb_anon.png,/home/rvl1421/Datasets/ACDC/gt_trainval_ref/gt/rain/train_ref/GP010400/GP010400_frame_000071_gt_ref_labelColor.png,/home/rvl1421/Datasets/ACDC/gt_trainval/gt/rain/train/GP010400/GP010400_frame_000071_gt_labelTrainIds.png,rain,1,0.0,0.0,/home/rvl1421/Datasets/ACDC/gt_trainval/gt/rain/train/GP010400/GP010400_frame_000071_gt_invIds.png
/home/rvl1421/Datasets/ACDC/rgb_anon/rain/train/GP010400/GP010400_frame_000087_rgb_anon.png,/home/rvl1421/Datasets/ACDC/gt_trainval_ref/gt/rain/train_ref/GP010400/GP010400_frame_000087_gt_ref_labelColor.png,/home/rvl1421/Datasets/ACDC/gt_trainval/gt/rain/train/GP010400/GP010400_frame_000087_gt_labelTrainIds.png,rain,1,0.0,0.0,/home/rvl1421/Datasets/ACDC/gt_trainval/gt/rain/train/GP010400/GP010400_frame_000087_gt_invIds.png
/home/rvl1421/Datasets/ACDC/rgb_anon/rain/train/GP010400/GP010400_frame_000101_rgb_anon.png,/home/rvl1421/Datasets/ACDC/gt_trainval_ref/gt/rain/train_ref/GP010400/GP010400_frame_000101_gt_ref_labelColor.png,/home/rvl1421/Datasets/ACDC/gt_trainval/gt/rain/train/GP010400/GP010400_frame_000101_gt_labelTrainIds.png,rain,1,0.0,0.0,/home/rvl1421/Datasets/ACDC/gt_trainval/gt/rain/train/GP010400/GP010400_frame_000101_gt_invIds.png
/home/rvl1421/Datasets/ACDC/rgb_anon/rain/train/GP010400/GP010400_frame_000117_rgb_anon.png,/home/rvl1421/Datasets/ACDC/gt_trainval_ref/gt/rain/train_ref/GP010400/GP010400_frame_000117_gt_ref_labelColor.png,/home/rvl1421/Datasets/ACDC/gt_trainval/gt/rain/train/GP010400/GP010400_frame_000117_gt_labelTrainIds.png,rain,1,0.0,0.0,/home/rvl1421/Datasets/ACDC/gt_trainval/gt/rain/train/GP010400/GP010400_frame_000117_gt_invIds.png
/home/rvl1421/Datasets/ACDC/rgb_anon/rain/train/GP010400/GP010400_frame_000133_rgb_anon.png,/home/rvl1421/Datasets/ACDC/gt_trainval_ref/gt/rain/train_ref/GP010400/GP010400_frame_000133_gt_ref_labelColor.png,/home/rvl1421/Datasets/ACDC/gt_trainval/gt/rain/train/GP010400/GP010400_frame_000133_gt_labelTrainIds.png,rain,1,0.0,0.0,/home/rvl1421/Datasets/ACDC/gt_trainval/gt/rain/train/GP010400/GP010400_frame_000133_gt_invIds.png
/home/rvl1421/Datasets/ACDC/rgb_anon/rain/train/GP010400/GP010400_frame_000141_rgb_anon.png,/home/rvl1421/Datasets/ACDC/gt_trainval_ref/gt/rain/train_ref/GP010400/GP010400_frame_000141_gt_ref_labelColor.png,/home/rvl1421/Datasets/ACDC/gt_trainval/gt/rain/train/GP010400/GP010400_frame_000141_gt_labelTrainIds.png,rain,1,0.0,0.0,/home/rvl1421/Datasets/ACDC/gt_trainval/gt/rain/train/GP010400/GP010400_frame_000141_gt_invIds.png
/home/rvl1421/Datasets/ACDC/rgb_anon/rain/train/GP010400/GP010400_frame_000149_rgb_anon.png,/home/rvl1421/Datasets/ACDC/gt_trainval_ref/gt/rain/train_ref/GP010400/GP010400_frame_000149_gt_ref_labelColor.png,/home/rvl1421/Datasets/ACDC/gt_trainval/gt/rain/train/GP010400/GP010400_frame_000149_gt_labelTrainIds.png,rain,1,0.0,0.0,/home/rvl1421/Datasets/ACDC/gt_trainval/gt/rain/train/GP010400/GP010400_frame_000149_gt_invIds.png
/home/rvl1421/Datasets/ACDC/rgb_anon/rain/train/GP010400/GP010400_frame_000159_rgb_anon.png,/home/rvl1421/Datasets/ACDC/gt_trainval_ref/gt/rain/train_ref/GP010400/GP010400_frame_000159_gt_ref_labelColor.png,/home/rvl1421/Datasets/ACDC/gt_trainval/gt/rain/train/GP010400/GP010400_frame_000159_gt_labelTrainIds.png,rain,1,0.0,0.0,/home/rvl1421/Datasets/ACDC/gt_trainval/gt/rain/train/GP010400/GP010400_frame_000159_gt_invIds.png
/home/rvl1421/Datasets/ACDC/rgb_anon/rain/train/GP010400/GP010400_frame_000174_rgb_anon.png,/home/rvl1421/Datasets/ACDC/gt_trainval_ref/gt/rain/train_ref/GP010400/GP010400_frame_000174_gt_ref_labelColor.png,/home/rvl1421/Datasets/ACDC/gt_trainval/gt/rain/train/GP010400/GP010400_frame_000174_gt_labelTrainIds.png,rain,1,0.0,0.0,/home/rvl1421/Datasets/ACDC/gt_trainval/gt/rain/train/GP010400/GP010400_frame_000174_gt_invIds.png
/home/rvl1421/Datasets/ACDC/rgb_anon/rain/train/GP010400/GP010400_frame_000184_rgb_anon.png,/home/rvl1421/Datasets/ACDC/gt_trainval_ref/gt/rain/train_ref/GP010400/GP010400_frame_000184_gt_ref_labelColor.png,/home/rvl1421/Datasets/ACDC/gt_trainval/gt/rain/train/GP010400/GP010400_frame_000184_gt_labelTrainIds.png,rain,1,0.0,0.0,/home/rvl1421/Datasets/ACDC/gt_trainval/gt/rain/train/GP010400/GP010400_frame_000184_gt_invIds.png
/home/rvl1421/Datasets/ACDC/rgb_anon/rain/train/GP010400/GP010400_frame_000194_rgb_anon.png,/home/rvl1421/Datasets/ACDC/gt_trainval_ref/gt/rain/train_ref/GP010400/GP010400_frame_000194_gt_ref_labelColor.png,/home/rvl1421/Datasets/ACDC/gt_trainval/gt/rain/train/GP010400/GP010400_frame_000194_gt_labelTrainIds.png,rain,1,0.0,0.0,/home/rvl1421/Datasets/ACDC/gt_trainval/gt/rain/train/GP010400/GP010400_frame_000194_gt_invIds.png
/home/rvl1421/Datasets/ACDC/rgb_anon/rain/train/GP010400/GP010400_frame_000425_rgb_anon.png,/home/rvl1421/Datasets/ACDC/gt_trainval_ref/gt/rain/train_ref/GP010400/GP010400_frame_000425_gt_ref_labelColor.png,/home/rvl1421/Datasets/ACDC/gt_trainval/gt/rain/train/GP010400/GP010400_frame_000425_gt_labelTrainIds.png,rain,1,0.0,0.0,/home/rvl1421/Datasets/ACDC/gt_trainval/gt/rain/train/GP010400/GP010400_frame_000425_gt_invIds.png
/home/rvl1421/Datasets/ACDC/rgb_anon/rain/train/GP010400/GP010400_frame_000447_rgb_anon.png,/home/rvl1421/Datasets/ACDC/gt_trainval_ref/gt/rain/train_ref/GP010400/GP010400_frame_000447_gt_ref_labelColor.png,/home/rvl1421/Datasets/ACDC/gt_trainval/gt/rain/train/GP010400/GP010400_frame_000447_gt_labelTrainIds.png,rain,1,0.0,0.0,/home/rvl1421/Datasets/ACDC/gt_trainval/gt/rain/train/GP010400/GP010400_frame_000447_gt_invIds.png
/home/rvl1421/Datasets/ACDC/rgb_anon/rain/train/GP010400/GP010400_frame_000459_rgb_anon.png,/home/rvl1421/Datasets/ACDC/gt_trainval_ref/gt/rain/train_ref/GP010400/GP010400_frame_000459_gt_ref_labelColor.png,/home/rvl1421/Datasets/ACDC/gt_trainval/gt/rain/train/GP010400/GP010400_frame_000459_gt_labelTrainIds.png,rain,1,0.0,0.0,/home/rvl1421/Datasets/ACDC/gt_trainval/gt/rain/train/GP010400/GP010400_frame_000459_gt_invIds.png
/home/rvl1421/Datasets/ACDC/rgb_anon/rain/train/GP010400/GP010400_frame_000493_rgb_anon.png,/home/rvl1421/Datasets/ACDC/gt_trainval_ref/gt/rain/train_ref/GP010400/GP010400_frame_000493_gt_ref_labelColor.png,/home/rvl1421/Datasets/ACDC/gt_trainval/gt/rain/train/GP010400/GP010400_frame_000493_gt_labelTrainIds.png,rain,1,0.0,0.0,/home/rvl1421/Datasets/ACDC/gt_trainval/gt/rain/train/GP010400/GP010400_frame_000493_gt_invIds.png
/home/rvl1421/Datasets/ACDC/rgb_anon/rain/train/GP010400/GP010400_frame_000507_rgb_anon.png,/home/rvl1421/Datasets/ACDC/gt_trainval_ref/gt/rain/train_ref/GP010400/GP010400_frame_000507_gt_ref_labelColor.png,/home/rvl1421/Datasets/ACDC/gt_trainval/gt/rain/train/GP010400/GP010400_frame_000507_gt_labelTrainIds.png,rain,1,0.0,0.0,/home/rvl1421/Datasets/ACDC/gt_trainval/gt/rain/train/GP010400/GP010400_frame_000507_gt_invIds.png
/home/rvl1421/Datasets/ACDC/rgb_anon/rain/train/GP010400/GP010400_frame_000519_rgb_anon.png,/home/rvl1421/Datasets/ACDC/gt_trainval_ref/gt/rain/train_ref/GP010400/GP010400_frame_000519_gt_ref_labelColor.png,/home/rvl1421/Datasets/ACDC/gt_trainval/gt/rain/train/GP010400/GP010400_frame_000519_gt_labelTrainIds.png,rain,1,0.0,0.0,/home/rvl1421/Datasets/ACDC/gt_trainval/gt/rain/train/GP010400/GP010400_frame_000519_gt_invIds.png
/home/rvl1421/Datasets/ACDC/rgb_anon/rain/train/GP010400/GP010400_frame_000533_rgb_anon.png,/home/rvl1421/Datasets/ACDC/gt_trainval_ref/gt/rain/train_ref/GP010400/GP010400_frame_000533_gt_ref_labelColor.png,/home/rvl1421/Datasets/ACDC/gt_trainval/gt/rain/train/GP010400/GP010400_frame_000533_gt_labelTrainIds.png,rain,1,0.0,0.0,/home/rvl1421/Datasets/ACDC/gt_trainval/gt/rain/train/GP010400/GP010400_frame_000533_gt_invIds.png
/home/rvl1421/Datasets/ACDC/rgb_anon/rain/train/GP010400/GP010400_frame_000543_rgb_anon.png,/home/rvl1421/Datasets/ACDC/gt_trainval_ref/gt/rain/train_ref/GP010400/GP010400_frame_000543_gt_ref_labelColor.png,/home/rvl1421/Datasets/ACDC/gt_trainval/gt/rain/train/GP010400/GP010400_frame_000543_gt_labelTrainIds.png,rain,1,0.0,0.0,/home/rvl1421/Datasets/ACDC/gt_trainval/gt/rain/train/GP010400/GP010400_frame_000543_gt_invIds.png
/home/rvl1421/Datasets/ACDC/rgb_anon/rain/train/GP010400/GP010400_frame_000553_rgb_anon.png,/home/rvl1421/Datasets/ACDC/gt_trainval_ref/gt/rain/train_ref/GP010400/GP010400_frame_000553_gt_ref_labelColor.png,/home/rvl1421/Datasets/ACDC/gt_trainval/gt/rain/train/GP010400/GP010400_frame_000553_gt_labelTrainIds.png,rain,1,0.0,0.0,/home/rvl1421/Datasets/ACDC/gt_trainval/gt/rain/train/GP010400/GP010400_frame_000553_gt_invIds.png
/home/rvl1421/Datasets/ACDC/rgb_anon/rain/train/GP010400/GP010400_frame_000563_rgb_anon.png,/home/rvl1421/Datasets/ACDC/gt_trainval_ref/gt/rain/train_ref/GP010400/GP010400_frame_000563_gt_ref_labelColor.png,/home/rvl1421/Datasets/ACDC/gt_trainval/gt/rain/train/GP010400/GP010400_frame_000563_gt_labelTrainIds.png,rain,1,0.0,0.0,/home/rvl1421/Datasets/ACDC/gt_trainval/gt/rain/train/GP010400/GP010400_frame_000563_gt_invIds.png
/home/rvl1421/Datasets/ACDC/rgb_anon/rain/train/GP010400/GP010400_frame_000580_rgb_anon.png,/home/rvl1421/Datasets/ACDC/gt_trainval_ref/gt/rain/train_ref/GP010400/GP010400_frame_000580_gt_ref_labelColor.png,/home/rvl1421/Datasets/ACDC/gt_trainval/gt/rain/train/GP010400/GP010400_frame_000580_gt_labelTrainIds.png,rain,1,0.0,0.0,/home/rvl1421/Datasets/ACDC/gt_trainval/gt/rain/train/GP010400/GP010400_frame_000580_gt_invIds.png
/home/rvl1421/Datasets/ACDC/rgb_anon/rain/train/GP010400/GP010400_frame_000605_rgb_anon.png,/home/rvl1421/Datasets/ACDC/gt_trainval_ref/gt/rain/train_ref/GP010400/GP010400_frame_000605_gt_ref_labelColor.png,/home/rvl1421/Datasets/ACDC/gt_trainval/gt/rain/train/GP010400/GP010400_frame_000605_gt_labelTrainIds.png,rain,1,0.0,0.0,/home/rvl1421/Datasets/ACDC/gt_trainval/gt/rain/train/GP010400/GP010400_frame_000605_gt_invIds.png
/home/rvl1421/Datasets/ACDC/rgb_anon/rain/train/GP010402/GP010402_frame_000001_rgb_anon.png,/home/rvl1421/Datasets/ACDC/gt_trainval_ref/gt/rain/train_ref/GP010402/GP010402_frame_000001_gt_ref_labelColor.png,/home/rvl1421/Datasets/ACDC/gt_trainval/gt/rain/train/GP010402/GP010402_frame_000001_gt_labelTrainIds.png,rain,1,0.0,0.0,/home/rvl1421/Datasets/ACDC/gt_trainval/gt/rain/train/GP010402/GP010402_frame_000001_gt_invIds.png
/home/rvl1421/Datasets/ACDC/rgb_anon/rain/train/GP010402/GP010402_frame_000011_rgb_anon.png,/home/rvl1421/Datasets/ACDC/gt_trainval_ref/gt/rain/train_ref/GP010402/GP010402_frame_000011_gt_ref_labelColor.png,/home/rvl1421/Datasets/ACDC/gt_trainval/gt/rain/train/GP010402/GP010402_frame_000011_gt_labelTrainIds.png,rain,1,0.0,0.0,/home/rvl1421/Datasets/ACDC/gt_trainval/gt/rain/train/GP010402/GP010402_frame_000011_gt_invIds.png
/home/rvl1421/Datasets/ACDC/rgb_anon/rain/train/GP010402/GP010402_frame_000036_rgb_anon.png,/home/rvl1421/Datasets/ACDC/gt_trainval_ref/gt/rain/train_ref/GP010402/GP010402_frame_000036_gt_ref_labelColor.png,/home/rvl1421/Datasets/ACDC/gt_trainval/gt/rain/train/GP010402/GP010402_frame_000036_gt_labelTrainIds.png,rain,1,0.0,0.0,/home/rvl1421/Datasets/ACDC/gt_trainval/gt/rain/train/GP010402/GP010402_frame_000036_gt_invIds.png
/home/rvl1421/Datasets/ACDC/rgb_anon/rain/train/GP010402/GP010402_frame_000051_rgb_anon.png,/home/rvl1421/Datasets/ACDC/gt_trainval_ref/gt/rain/train_ref/GP010402/GP010402_frame_000051_gt_ref_labelColor.png,/home/rvl1421/Datasets/ACDC/gt_trainval/gt/rain/train/GP010402/GP010402_frame_000051_gt_labelTrainIds.png,rain,1,0.0,0.0,/home/rvl1421/Datasets/ACDC/gt_trainval/gt/rain/train/GP010402/GP010402_frame_000051_gt_invIds.png
/home/rvl1421/Datasets/ACDC/rgb_anon/rain/train/GP010402/GP010402_frame_000078_rgb_anon.png,/home/rvl1421/Datasets/ACDC/gt_trainval_ref/gt/rain/train_ref/GP010402/GP010402_frame_000078_gt_ref_labelColor.png,/home/rvl1421/Datasets/ACDC/gt_trainval/gt/rain/train/GP010402/GP010402_frame_000078_gt_labelTrainIds.png,rain,1,0.0,0.0,/home/rvl1421/Datasets/ACDC/gt_trainval/gt/rain/train/GP010402/GP010402_frame_000078_gt_invIds.png
/home/rvl1421/Datasets/ACDC/rgb_anon/rain/train/GP010402/GP010402_frame_000104_rgb_anon.png,/home/rvl1421/Datasets/ACDC/gt_trainval_ref/gt/rain/train_ref/GP010402/GP010402_frame_000104_gt_ref_labelColor.png,/home/rvl1421/Datasets/ACDC/gt_trainval/gt/rain/train/GP010402/GP010402_frame_000104_gt_labelTrainIds.png,rain,1,0.0,0.0,/home/rvl1421/Datasets/ACDC/gt_trainval/gt/rain/train/GP010402/GP010402_frame_000104_gt_invIds.png
/home/rvl1421/Datasets/ACDC/rgb_anon/rain/train/GP010402/GP010402_frame_000126_rgb_anon.png,/home/rvl1421/Datasets/ACDC/gt_trainval_ref/gt/rain/train_ref/GP010402/GP010402_frame_000126_gt_ref_labelColor.png,/home/rvl1421/Datasets/ACDC/gt_trainval/gt/rain/train/GP010402/GP010402_frame_000126_gt_labelTrainIds.png,rain,1,0.0,0.0,/home/rvl1421/Datasets/ACDC/gt_trainval/gt/rain/train/GP010402/GP010402_frame_000126_gt_invIds.png
/home/rvl1421/Datasets/ACDC/rgb_anon/rain/train/GP010402/GP010402_frame_000142_rgb_anon.png,/home/rvl1421/Datasets/ACDC/gt_trainval_ref/gt/rain/train_ref/GP010402/GP010402_frame_000142_gt_ref_labelColor.png,/home/rvl1421/Datasets/ACDC/gt_trainval/gt/rain/train/GP010402/GP010402_frame_000142_gt_labelTrainIds.png,rain,1,0.0,0.0,/home/rvl1421/Datasets/ACDC/gt_trainval/gt/rain/train/GP010402/GP010402_frame_000142_gt_invIds.png
/home/rvl1421/Datasets/ACDC/rgb_anon/rain/train/GP010402/GP010402_frame_000169_rgb_anon.png,/home/rvl1421/Datasets/ACDC/gt_trainval_ref/gt/rain/train_ref/GP010402/GP010402_frame_000169_gt_ref_labelColor.png,/home/rvl1421/Datasets/ACDC/gt_trainval/gt/rain/train/GP010402/GP010402_frame_000169_gt_labelTrainIds.png,rain,1,0.0,0.0,/home/rvl1421/Datasets/ACDC/gt_trainval/gt/rain/train/GP010402/GP010402_frame_000169_gt_invIds.png
/home/rvl1421/Datasets/ACDC/rgb_anon/rain/train/GP010402/GP010402_frame_000183_rgb_anon.png,/home/rvl1421/Datasets/ACDC/gt_trainval_ref/gt/rain/train_ref/GP010402/GP010402_frame_000183_gt_ref_labelColor.png,/home/rvl1421/Datasets/ACDC/gt_trainval/gt/rain/train/GP010402/GP010402_frame_000183_gt_labelTrainIds.png,rain,1,0.0,0.0,/home/rvl1421/Datasets/ACDC/gt_trainval/gt/rain/train/GP010402/GP010402_frame_000183_gt_invIds.png
/home/rvl1421/Datasets/ACDC/rgb_anon/rain/train/GP010402/GP010402_frame_000194_rgb_anon.png,/home/rvl1421/Datasets/ACDC/gt_trainval_ref/gt/rain/train_ref/GP010402/GP010402_frame_000194_gt_ref_labelColor.png,/home/rvl1421/Datasets/ACDC/gt_trainval/gt/rain/train/GP010402/GP010402_frame_000194_gt_labelTrainIds.png,rain,1,0.0,0.0,/home/rvl1421/Datasets/ACDC/gt_trainval/gt/rain/train/GP010402/GP010402_frame_000194_gt_invIds.png
/home/rvl1421/Datasets/ACDC/rgb_anon/rain/train/GP010402/GP010402_frame_000220_rgb_anon.png,/home/rvl1421/Datasets/ACDC/gt_trainval_ref/gt/rain/train_ref/GP010402/GP010402_frame_000220_gt_ref_labelColor.png,/home/rvl1421/Datasets/ACDC/gt_trainval/gt/rain/train/GP010402/GP010402_frame_000220_gt_labelTrainIds.png,rain,1,0.0,0.0,/home/rvl1421/Datasets/ACDC/gt_trainval/gt/rain/train/GP010402/GP010402_frame_000220_gt_invIds.png
/home/rvl1421/Datasets/ACDC/rgb_anon/rain/train/GP010402/GP010402_frame_000233_rgb_anon.png,/home/rvl1421/Datasets/ACDC/gt_trainval_ref/gt/rain/train_ref/GP010402/GP010402_frame_000233_gt_ref_labelColor.png,/home/rvl1421/Datasets/ACDC/gt_trainval/gt/rain/train/GP010402/GP010402_frame_000233_gt_labelTrainIds.png,rain,1,0.0,0.0,/home/rvl1421/Datasets/ACDC/gt_trainval/gt/rain/train/GP010402/GP010402_frame_000233_gt_invIds.png
/home/rvl1421/Datasets/ACDC/rgb_anon/rain/train/GP010402/GP010402_frame_000255_rgb_anon.png,/home/rvl1421/Datasets/ACDC/gt_trainval_ref/gt/rain/train_ref/GP010402/GP010402_frame_000255_gt_ref_labelColor.png,/home/rvl1421/Datasets/ACDC/gt_trainval/gt/rain/train/GP010402/GP010402_frame_000255_gt_labelTrainIds.png,rain,1,0.0,0.0,/home/rvl1421/Datasets/ACDC/gt_trainval/gt/rain/train/GP010402/GP010402_frame_000255_gt_invIds.png
/home/rvl1421/Datasets/ACDC/rgb_anon/rain/train/GP010402/GP010402_frame_000268_rgb_anon.png,/home/rvl1421/Datasets/ACDC/gt_trainval_ref/gt/rain/train_ref/GP010402/GP010402_frame_000268_gt_ref_labelColor.png,/home/rvl1421/Datasets/ACDC/gt_trainval/gt/rain/train/GP010402/GP010402_frame_000268_gt_labelTrainIds.png,rain,1,0.0,0.0,/home/rvl1421/Datasets/ACDC/gt_trainval/gt/rain/train/GP010402/GP010402_frame_000268_gt_invIds.png
/home/rvl1421/Datasets/ACDC/rgb_anon/rain/train/GP010402/GP010402_frame_000291_rgb_anon.png,/home/rvl1421/Datasets/ACDC/gt_trainval_ref/gt/rain/train_ref/GP010402/GP010402_frame_000291_gt_ref_labelColor.png,/home/rvl1421/Datasets/ACDC/gt_trainval/gt/rain/train/GP010402/GP010402_frame_000291_gt_labelTrainIds.png,rain,1,0.0,0.0,/home/rvl1421/Datasets/ACDC/gt_trainval/gt/rain/train/GP010402/GP010402_frame_000291_gt_invIds.png
/home/rvl1421/Datasets/ACDC/rgb_anon/rain/train/GP020400/GP020400_frame_000169_rgb_anon.png,/home/rvl1421/Datasets/ACDC/gt_trainval_ref/gt/rain/train_ref/GP020400/GP020400_frame_000169_gt_ref_labelColor.png,/home/rvl1421/Datasets/ACDC/gt_trainval/gt/rain/train/GP020400/GP020400_frame_000169_gt_labelTrainIds.png,rain,1,0.0,0.0,/home/rvl1421/Datasets/ACDC/gt_trainval/gt/rain/train/GP020400/GP020400_frame_000169_gt_invIds.png
/home/rvl1421/Datasets/ACDC/rgb_anon/rain/train/GP020400/GP020400_frame_000183_rgb_anon.png,/home/rvl1421/Datasets/ACDC/gt_trainval_ref/gt/rain/train_ref/GP020400/GP020400_frame_000183_gt_ref_labelColor.png,/home/rvl1421/Datasets/ACDC/gt_trainval/gt/rain/train/GP020400/GP020400_frame_000183_gt_labelTrainIds.png,rain,1,0.0,0.0,/home/rvl1421/Datasets/ACDC/gt_trainval/gt/rain/train/GP020400/GP020400_frame_000183_gt_invIds.png
/home/rvl1421/Datasets/ACDC/rgb_anon/rain/train/GP020400/GP020400_frame_000193_rgb_anon.png,/home/rvl1421/Datasets/ACDC/gt_trainval_ref/gt/rain/train_ref/GP020400/GP020400_frame_000193_gt_ref_labelColor.png,/home/rvl1421/Datasets/ACDC/gt_trainval/gt/rain/train/GP020400/GP020400_frame_000193_gt_labelTrainIds.png,rain,1,0.0,0.0,/home/rvl1421/Datasets/ACDC/gt_trainval/gt/rain/train/GP020400/GP020400_frame_000193_gt_invIds.png
/home/rvl1421/Datasets/ACDC/rgb_anon/rain/train/GP020400/GP020400_frame_000203_rgb_anon.png,/home/rvl1421/Datasets/ACDC/gt_trainval_ref/gt/rain/train_ref/GP020400/GP020400_frame_000203_gt_ref_labelColor.png,/home/rvl1421/Datasets/ACDC/gt_trainval/gt/rain/train/GP020400/GP020400_frame_000203_gt_labelTrainIds.png,rain,1,0.0,0.0,/home/rvl1421/Datasets/ACDC/gt_trainval/gt/rain/train/GP020400/GP020400_frame_000203_gt_invIds.png
/home/rvl1421/Datasets/ACDC/rgb_anon/rain/train/GP020400/GP020400_frame_000215_rgb_anon.png,/home/rvl1421/Datasets/ACDC/gt_trainval_ref/gt/rain/train_ref/GP020400/GP020400_frame_000215_gt_ref_labelColor.png,/home/rvl1421/Datasets/ACDC/gt_trainval/gt/rain/train/GP020400/GP020400_frame_000215_gt_labelTrainIds.png,rain,1,0.0,0.0,/home/rvl1421/Datasets/ACDC/gt_trainval/gt/rain/train/GP020400/GP020400_frame_000215_gt_invIds.png
/home/rvl1421/Datasets/ACDC/rgb_anon/rain/train/GP020400/GP020400_frame_000233_rgb_anon.png,/home/rvl1421/Datasets/ACDC/gt_trainval_ref/gt/rain/train_ref/GP020400/GP020400_frame_000233_gt_ref_labelColor.png,/home/rvl1421/Datasets/ACDC/gt_trainval/gt/rain/train/GP020400/GP020400_frame_000233_gt_labelTrainIds.png,rain,1,0.0,0.0,/home/rvl1421/Datasets/ACDC/gt_trainval/gt/rain/train/GP020400/GP020400_frame_000233_gt_invIds.png
/home/rvl1421/Datasets/ACDC/rgb_anon/rain/train/GP020400/GP020400_frame_000259_rgb_anon.png,/home/rvl1421/Datasets/ACDC/gt_trainval_ref/gt/rain/train_ref/GP020400/GP020400_frame_000259_gt_ref_labelColor.png,/home/rvl1421/Datasets/ACDC/gt_trainval/gt/rain/train/GP020400/GP020400_frame_000259_gt_labelTrainIds.png,rain,1,0.0,0.0,/home/rvl1421/Datasets/ACDC/gt_trainval/gt/rain/train/GP020400/GP020400_frame_000259_gt_invIds.png
/home/rvl1421/Datasets/ACDC/rgb_anon/rain/train/GP020400/GP020400_frame_000305_rgb_anon.png,/home/rvl1421/Datasets/ACDC/gt_trainval_ref/gt/rain/train_ref/GP020400/GP020400_frame_000305_gt_ref_labelColor.png,/home/rvl1421/Datasets/ACDC/gt_trainval/gt/rain/train/GP020400/GP020400_frame_000305_gt_labelTrainIds.png,rain,1,0.0,0.0,/home/rvl1421/Datasets/ACDC/gt_trainval/gt/rain/train/GP020400/GP020400_frame_000305_gt_invIds.png
/home/rvl1421/Datasets/ACDC/rgb_anon/rain/train/GP020400/GP020400_frame_000345_rgb_anon.png,/home/rvl1421/Datasets/ACDC/gt_trainval_ref/gt/rain/train_ref/GP020400/GP020400_frame_000345_gt_ref_labelColor.png,/home/rvl1421/Datasets/ACDC/gt_trainval/gt/rain/train/GP020400/GP020400_frame_000345_gt_labelTrainIds.png,rain,1,0.0,0.0,/home/rvl1421/Datasets/ACDC/gt_trainval/gt/rain/train/GP020400/GP020400_frame_000345_gt_invIds.png
/home/rvl1421/Datasets/ACDC/rgb_anon/rain/train/GP020400/GP020400_frame_000374_rgb_anon.png,/home/rvl1421/Datasets/ACDC/gt_trainval_ref/gt/rain/train_ref/GP020400/GP020400_frame_000374_gt_ref_labelColor.png,/home/rvl1421/Datasets/ACDC/gt_trainval/gt/rain/train/GP020400/GP020400_frame_000374_gt_labelTrainIds.png,rain,1,0.0,0.0,/home/rvl1421/Datasets/ACDC/gt_trainval/gt/rain/train/GP020400/GP020400_frame_000374_gt_invIds.png
/home/rvl1421/Datasets/ACDC/rgb_anon/rain/train/GP020400/GP020400_frame_000394_rgb_anon.png,/home/rvl1421/Datasets/ACDC/gt_trainval_ref/gt/rain/train_ref/GP020400/GP020400_frame_000394_gt_ref_labelColor.png,/home/rvl1421/Datasets/ACDC/gt_trainval/gt/rain/train/GP020400/GP020400_frame_000394_gt_labelTrainIds.png,rain,1,0.0,0.0,/home/rvl1421/Datasets/ACDC/gt_trainval/gt/rain/train/GP020400/GP020400_frame_000394_gt_invIds.png
/home/rvl1421/Datasets/ACDC/rgb_anon/rain/train/GP020400/GP020400_frame_000406_rgb_anon.png,/home/rvl1421/Datasets/ACDC/gt_trainval_ref/gt/rain/train_ref/GP020400/GP020400_frame_000406_gt_ref_labelColor.png,/home/rvl1421/Datasets/ACDC/gt_trainval/gt/rain/train/GP020400/GP020400_frame_000406_gt_labelTrainIds.png,rain,1,0.0,0.0,/home/rvl1421/Datasets/ACDC/gt_trainval/gt/rain/train/GP020400/GP020400_frame_000406_gt_invIds.png
/home/rvl1421/Datasets/ACDC/rgb_anon/rain/train/GP020400/GP020400_frame_000418_rgb_anon.png,/home/rvl1421/Datasets/ACDC/gt_trainval_ref/gt/rain/train_ref/GP020400/GP020400_frame_000418_gt_ref_labelColor.png,/home/rvl1421/Datasets/ACDC/gt_trainval/gt/rain/train/GP020400/GP020400_frame_000418_gt_labelTrainIds.png,rain,1,0.0,0.0,/home/rvl1421/Datasets/ACDC/gt_trainval/gt/rain/train/GP020400/GP020400_frame_000418_gt_invIds.png
/home/rvl1421/Datasets/ACDC/rgb_anon/rain/train/GP020400/GP020400_frame_000429_rgb_anon.png,/home/rvl1421/Datasets/ACDC/gt_trainval_ref/gt/rain/train_ref/GP020400/GP020400_frame_000429_gt_ref_labelColor.png,/home/rvl1421/Datasets/ACDC/gt_trainval/gt/rain/train/GP020400/GP020400_frame_000429_gt_labelTrainIds.png,rain,1,0.0,0.0,/home/rvl1421/Datasets/ACDC/gt_trainval/gt/rain/train/GP020400/GP020400_frame_000429_gt_invIds.png
/home/rvl1421/Datasets/ACDC/rgb_anon/rain/train/GP020400/GP020400_frame_000440_rgb_anon.png,/home/rvl1421/Datasets/ACDC/gt_trainval_ref/gt/rain/train_ref/GP020400/GP020400_frame_000440_gt_ref_labelColor.png,/home/rvl1421/Datasets/ACDC/gt_trainval/gt/rain/train/GP020400/GP020400_frame_000440_gt_labelTrainIds.png,rain,1,0.0,0.0,/home/rvl1421/Datasets/ACDC/gt_trainval/gt/rain/train/GP020400/GP020400_frame_000440_gt_invIds.png
/home/rvl1421/Datasets/ACDC/rgb_anon/rain/train/GP020400/GP020400_frame_000460_rgb_anon.png,/home/rvl1421/Datasets/ACDC/gt_trainval_ref/gt/rain/train_ref/GP020400/GP020400_frame_000460_gt_ref_labelColor.png,/home/rvl1421/Datasets/ACDC/gt_trainval/gt/rain/train/GP020400/GP020400_frame_000460_gt_labelTrainIds.png,rain,1,0.0,0.0,/home/rvl1421/Datasets/ACDC/gt_trainval/gt/rain/train/GP020400/GP020400_frame_000460_gt_invIds.png
/home/rvl1421/Datasets/ACDC/rgb_anon/rain/train/GP020400/GP020400_frame_000474_rgb_anon.png,/home/rvl1421/Datasets/ACDC/gt_trainval_ref/gt/rain/train_ref/GP020400/GP020400_frame_000474_gt_ref_labelColor.png,/home/rvl1421/Datasets/ACDC/gt_trainval/gt/rain/train/GP020400/GP020400_frame_000474_gt_labelTrainIds.png,rain,1,0.0,0.0,/home/rvl1421/Datasets/ACDC/gt_trainval/gt/rain/train/GP020400/GP020400_frame_000474_gt_invIds.png
/home/rvl1421/Datasets/ACDC/rgb_anon/rain/train/GP020400/GP020400_frame_000491_rgb_anon.png,/home/rvl1421/Datasets/ACDC/gt_trainval_ref/gt/rain/train_ref/GP020400/GP020400_frame_000491_gt_ref_labelColor.png,/home/rvl1421/Datasets/ACDC/gt_trainval/gt/rain/train/GP020400/GP020400_frame_000491_gt_labelTrainIds.png,rain,1,0.0,0.0,/home/rvl1421/Datasets/ACDC/gt_trainval/gt/rain/train/GP020400/GP020400_frame_000491_gt_invIds.png
/home/rvl1421/Datasets/ACDC/rgb_anon/rain/train/GP020400/GP020400_frame_000501_rgb_anon.png,/home/rvl1421/Datasets/ACDC/gt_trainval_ref/gt/rain/train_ref/GP020400/GP020400_frame_000501_gt_ref_labelColor.png,/home/rvl1421/Datasets/ACDC/gt_trainval/gt/rain/train/GP020400/GP020400_frame_000501_gt_labelTrainIds.png,rain,1,0.0,0.0,/home/rvl1421/Datasets/ACDC/gt_trainval/gt/rain/train/GP020400/GP020400_frame_000501_gt_invIds.png
/home/rvl1421/Datasets/ACDC/rgb_anon/rain/train/GP020400/GP020400_frame_000515_rgb_anon.png,/home/rvl1421/Datasets/ACDC/gt_trainval_ref/gt/rain/train_ref/GP020400/GP020400_frame_000515_gt_ref_labelColor.png,/home/rvl1421/Datasets/ACDC/gt_trainval/gt/rain/train/GP020400/GP020400_frame_000515_gt_labelTrainIds.png,rain,1,0.0,0.0,/home/rvl1421/Datasets/ACDC/gt_trainval/gt/rain/train/GP020400/GP020400_frame_000515_gt_invIds.png
/home/rvl1421/Datasets/ACDC/rgb_anon/rain/train/GP020400/GP020400_frame_000529_rgb_anon.png,/home/rvl1421/Datasets/ACDC/gt_trainval_ref/gt/rain/train_ref/GP020400/GP020400_frame_000529_gt_ref_labelColor.png,/home/rvl1421/Datasets/ACDC/gt_trainval/gt/rain/train/GP020400/GP020400_frame_000529_gt_labelTrainIds.png,rain,1,0.0,0.0,/home/rvl1421/Datasets/ACDC/gt_trainval/gt/rain/train/GP020400/GP020400_frame_000529_gt_invIds.png
/home/rvl1421/Datasets/ACDC/rgb_anon/rain/train/GP020400/GP020400_frame_000544_rgb_anon.png,/home/rvl1421/Datasets/ACDC/gt_trainval_ref/gt/rain/train_ref/GP020400/GP020400_frame_000544_gt_ref_labelColor.png,/home/rvl1421/Datasets/ACDC/gt_trainval/gt/rain/train/GP020400/GP020400_frame_000544_gt_labelTrainIds.png,rain,1,0.0,0.0,/home/rvl1421/Datasets/ACDC/gt_trainval/gt/rain/train/GP020400/GP020400_frame_000544_gt_invIds.png
/home/rvl1421/Datasets/ACDC/rgb_anon/rain/train/GP020400/GP020400_frame_000557_rgb_anon.png,/home/rvl1421/Datasets/ACDC/gt_trainval_ref/gt/rain/train_ref/GP020400/GP020400_frame_000557_gt_ref_labelColor.png,/home/rvl1421/Datasets/ACDC/gt_trainval/gt/rain/train/GP020400/GP020400_frame_000557_gt_labelTrainIds.png,rain,1,0.0,0.0,/home/rvl1421/Datasets/ACDC/gt_trainval/gt/rain/train/GP020400/GP020400_frame_000557_gt_invIds.png
/home/rvl1421/Datasets/ACDC/rgb_anon/rain/train/GP020400/GP020400_frame_000577_rgb_anon.png,/home/rvl1421/Datasets/ACDC/gt_trainval_ref/gt/rain/train_ref/GP020400/GP020400_frame_000577_gt_ref_labelColor.png,/home/rvl1421/Datasets/ACDC/gt_trainval/gt/rain/train/GP020400/GP020400_frame_000577_gt_labelTrainIds.png,rain,1,0.0,0.0,/home/rvl1421/Datasets/ACDC/gt_trainval/gt/rain/train/GP020400/GP020400_frame_000577_gt_invIds.png
/home/rvl1421/Datasets/ACDC/rgb_anon/rain/train/GP020400/GP020400_frame_000589_rgb_anon.png,/home/rvl1421/Datasets/ACDC/gt_trainval_ref/gt/rain/train_ref/GP020400/GP020400_frame_000589_gt_ref_labelColor.png,/home/rvl1421/Datasets/ACDC/gt_trainval/gt/rain/train/GP020400/GP020400_frame_000589_gt_labelTrainIds.png,rain,1,0.0,0.0,/home/rvl1421/Datasets/ACDC/gt_trainval/gt/rain/train/GP020400/GP020400_frame_000589_gt_invIds.png
/home/rvl1421/Datasets/ACDC/rgb_anon/rain/train/GP020400/GP020400_frame_000601_rgb_anon.png,/home/rvl1421/Datasets/ACDC/gt_trainval_ref/gt/rain/train_ref/GP020400/GP020400_frame_000601_gt_ref_labelColor.png,/home/rvl1421/Datasets/ACDC/gt_trainval/gt/rain/train/GP020400/GP020400_frame_000601_gt_labelTrainIds.png,rain,1,0.0,0.0,/home/rvl1421/Datasets/ACDC/gt_trainval/gt/rain/train/GP020400/GP020400_frame_000601_gt_invIds.png
/home/rvl1421/Datasets/ACDC/rgb_anon/rain/train/GP020400/GP020400_frame_000613_rgb_anon.png,/home/rvl1421/Datasets/ACDC/gt_trainval_ref/gt/rain/train_ref/GP020400/GP020400_frame_000613_gt_ref_labelColor.png,/home/rvl1421/Datasets/ACDC/gt_trainval/gt/rain/train/GP020400/GP020400_frame_000613_gt_labelTrainIds.png,rain,1,0.0,0.0,/home/rvl1421/Datasets/ACDC/gt_trainval/gt/rain/train/GP020400/GP020400_frame_000613_gt_invIds.png
/home/rvl1421/Datasets/ACDC/rgb_anon/rain/train/GP020400/GP020400_frame_000625_rgb_anon.png,/home/rvl1421/Datasets/ACDC/gt_trainval_ref/gt/rain/train_ref/GP020400/GP020400_frame_000625_gt_ref_labelColor.png,/home/rvl1421/Datasets/ACDC/gt_trainval/gt/rain/train/GP020400/GP020400_frame_000625_gt_labelTrainIds.png,rain,1,0.0,0.0,/home/rvl1421/Datasets/ACDC/gt_trainval/gt/rain/train/GP020400/GP020400_frame_000625_gt_invIds.png
/home/rvl1421/Datasets/ACDC/rgb_anon/rain/train/GP020400/GP020400_frame_000640_rgb_anon.png,/home/rvl1421/Datasets/ACDC/gt_trainval_ref/gt/rain/train_ref/GP020400/GP020400_frame_000640_gt_ref_labelColor.png,/home/rvl1421/Datasets/ACDC/gt_trainval/gt/rain/train/GP020400/GP020400_frame_000640_gt_labelTrainIds.png,rain,1,0.0,0.0,/home/rvl1421/Datasets/ACDC/gt_trainval/gt/rain/train/GP020400/GP020400_frame_000640_gt_invIds.png
/home/rvl1421/Datasets/ACDC/rgb_anon/rain/train/GP020400/GP020400_frame_000661_rgb_anon.png,/home/rvl1421/Datasets/ACDC/gt_trainval_ref/gt/rain/train_ref/GP020400/GP020400_frame_000661_gt_ref_labelColor.png,/home/rvl1421/Datasets/ACDC/gt_trainval/gt/rain/train/GP020400/GP020400_frame_000661_gt_labelTrainIds.png,rain,1,0.0,0.0,/home/rvl1421/Datasets/ACDC/gt_trainval/gt/rain/train/GP020400/GP020400_frame_000661_gt_invIds.png
/home/rvl1421/Datasets/ACDC/rgb_anon/rain/train/GP020400/GP020400_frame_000671_rgb_anon.png,/home/rvl1421/Datasets/ACDC/gt_trainval_ref/gt/rain/train_ref/GP020400/GP020400_frame_000671_gt_ref_labelColor.png,/home/rvl1421/Datasets/ACDC/gt_trainval/gt/rain/train/GP020400/GP020400_frame_000671_gt_labelTrainIds.png,rain,1,0.0,0.0,/home/rvl1421/Datasets/ACDC/gt_trainval/gt/rain/train/GP020400/GP020400_frame_000671_gt_invIds.png
/home/rvl1421/Datasets/ACDC/rgb_anon/rain/train/GP020400/GP020400_frame_000682_rgb_anon.png,/home/rvl1421/Datasets/ACDC/gt_trainval_ref/gt/rain/train_ref/GP020400/GP020400_frame_000682_gt_ref_labelColor.png,/home/rvl1421/Datasets/ACDC/gt_trainval/gt/rain/train/GP020400/GP020400_frame_000682_gt_labelTrainIds.png,rain,1,0.0,0.0,/home/rvl1421/Datasets/ACDC/gt_trainval/gt/rain/train/GP020400/GP020400_frame_000682_gt_invIds.png
/home/rvl1421/Datasets/ACDC/rgb_anon/rain/train/GP020400/GP020400_frame_000692_rgb_anon.png,/home/rvl1421/Datasets/ACDC/gt_trainval_ref/gt/rain/train_ref/GP020400/GP020400_frame_000692_gt_ref_labelColor.png,/home/rvl1421/Datasets/ACDC/gt_trainval/gt/rain/train/GP020400/GP020400_frame_000692_gt_labelTrainIds.png,rain,1,0.0,0.0,/home/rvl1421/Datasets/ACDC/gt_trainval/gt/rain/train/GP020400/GP020400_frame_000692_gt_invIds.png
/home/rvl1421/Datasets/ACDC/rgb_anon/rain/train/GP020400/GP020400_frame_000702_rgb_anon.png,/home/rvl1421/Datasets/ACDC/gt_trainval_ref/gt/rain/train_ref/GP020400/GP020400_frame_000702_gt_ref_labelColor.png,/home/rvl1421/Datasets/ACDC/gt_trainval/gt/rain/train/GP020400/GP020400_frame_000702_gt_labelTrainIds.png,rain,1,0.0,0.0,/home/rvl1421/Datasets/ACDC/gt_trainval/gt/rain/train/GP020400/GP020400_frame_000702_gt_invIds.png
/home/rvl1421/Datasets/ACDC/rgb_anon/rain/train/GP020400/GP020400_frame_000710_rgb_anon.png,/home/rvl1421/Datasets/ACDC/gt_trainval_ref/gt/rain/train_ref/GP020400/GP020400_frame_000710_gt_ref_labelColor.png,/home/rvl1421/Datasets/ACDC/gt_trainval/gt/rain/train/GP020400/GP020400_frame_000710_gt_labelTrainIds.png,rain,1,0.0,0.0,/home/rvl1421/Datasets/ACDC/gt_trainval/gt/rain/train/GP020400/GP020400_frame_000710_gt_invIds.png
/home/rvl1421/Datasets/ACDC/rgb_anon/rain/train/GP020400/GP020400_frame_000719_rgb_anon.png,/home/rvl1421/Datasets/ACDC/gt_trainval_ref/gt/rain/train_ref/GP020400/GP020400_frame_000719_gt_ref_labelColor.png,/home/rvl1421/Datasets/ACDC/gt_trainval/gt/rain/train/GP020400/GP020400_frame_000719_gt_labelTrainIds.png,rain,1,0.0,0.0,/home/rvl1421/Datasets/ACDC/gt_trainval/gt/rain/train/GP020400/GP020400_frame_000719_gt_invIds.png
/home/rvl1421/Datasets/ACDC/rgb_anon/rain/train/GP020400/GP020400_frame_000748_rgb_anon.png,/home/rvl1421/Datasets/ACDC/gt_trainval_ref/gt/rain/train_ref/GP020400/GP020400_frame_000748_gt_ref_labelColor.png,/home/rvl1421/Datasets/ACDC/gt_trainval/gt/rain/train/GP020400/GP020400_frame_000748_gt_labelTrainIds.png,rain,1,0.0,0.0,/home/rvl1421/Datasets/ACDC/gt_trainval/gt/rain/train/GP020400/GP020400_frame_000748_gt_invIds.png
/home/rvl1421/Datasets/ACDC/rgb_anon/rain/train/GP020400/GP020400_frame_000794_rgb_anon.png,/home/rvl1421/Datasets/ACDC/gt_trainval_ref/gt/rain/train_ref/GP020400/GP020400_frame_000794_gt_ref_labelColor.png,/home/rvl1421/Datasets/ACDC/gt_trainval/gt/rain/train/GP020400/GP020400_frame_000794_gt_labelTrainIds.png,rain,1,0.0,0.0,/home/rvl1421/Datasets/ACDC/gt_trainval/gt/rain/train/GP020400/GP020400_frame_000794_gt_invIds.png
/home/rvl1421/Datasets/ACDC/rgb_anon/rain/train/GP020400/GP020400_frame_000804_rgb_anon.png,/home/rvl1421/Datasets/ACDC/gt_trainval_ref/gt/rain/train_ref/GP020400/GP020400_frame_000804_gt_ref_labelColor.png,/home/rvl1421/Datasets/ACDC/gt_trainval/gt/rain/train/GP020400/GP020400_frame_000804_gt_labelTrainIds.png,rain,1,0.0,0.0,/home/rvl1421/Datasets/ACDC/gt_trainval/gt/rain/train/GP020400/GP020400_frame_000804_gt_invIds.png
/home/rvl1421/Datasets/ACDC/rgb_anon/rain/train/GP020400/GP020400_frame_000814_rgb_anon.png,/home/rvl1421/Datasets/ACDC/gt_trainval_ref/gt/rain/train_ref/GP020400/GP020400_frame_000814_gt_ref_labelColor.png,/home/rvl1421/Datasets/ACDC/gt_trainval/gt/rain/train/GP020400/GP020400_frame_000814_gt_labelTrainIds.png,rain,1,0.0,0.0,/home/rvl1421/Datasets/ACDC/gt_trainval/gt/rain/train/GP020400/GP020400_frame_000814_gt_invIds.png
/home/rvl1421/Datasets/ACDC/rgb_anon/rain/train/GP020400/GP020400_frame_000829_rgb_anon.png,/home/rvl1421/Datasets/ACDC/gt_trainval_ref/gt/rain/train_ref/GP020400/GP020400_frame_000829_gt_ref_labelColor.png,/home/rvl1421/Datasets/ACDC/gt_trainval/gt/rain/train/GP020400/GP020400_frame_000829_gt_labelTrainIds.png,rain,1,0.0,0.0,/home/rvl1421/Datasets/ACDC/gt_trainval/gt/rain/train/GP020400/GP020400_frame_000829_gt_invIds.png
/home/rvl1421/Datasets/ACDC/rgb_anon/rain/train/GP020400/GP020400_frame_000839_rgb_anon.png,/home/rvl1421/Datasets/ACDC/gt_trainval_ref/gt/rain/train_ref/GP020400/GP020400_frame_000839_gt_ref_labelColor.png,/home/rvl1421/Datasets/ACDC/gt_trainval/gt/rain/train/GP020400/GP020400_frame_000839_gt_labelTrainIds.png,rain,1,0.0,0.0,/home/rvl1421/Datasets/ACDC/gt_trainval/gt/rain/train/GP020400/GP020400_frame_000839_gt_invIds.png
/home/rvl1421/Datasets/ACDC/rgb_anon/rain/train/GP020400/GP020400_frame_000857_rgb_anon.png,/home/rvl1421/Datasets/ACDC/gt_trainval_ref/gt/rain/train_ref/GP020400/GP020400_frame_000857_gt_ref_labelColor.png,/home/rvl1421/Datasets/ACDC/gt_trainval/gt/rain/train/GP020400/GP020400_frame_000857_gt_labelTrainIds.png,rain,1,0.0,0.0,/home/rvl1421/Datasets/ACDC/gt_trainval/gt/rain/train/GP020400/GP020400_frame_000857_gt_invIds.png
/home/rvl1421/Datasets/ACDC/rgb_anon/rain/train/GP020400/GP020400_frame_000869_rgb_anon.png,/home/rvl1421/Datasets/ACDC/gt_trainval_ref/gt/rain/train_ref/GP020400/GP020400_frame_000869_gt_ref_labelColor.png,/home/rvl1421/Datasets/ACDC/gt_trainval/gt/rain/train/GP020400/GP020400_frame_000869_gt_labelTrainIds.png,rain,1,0.0,0.0,/home/rvl1421/Datasets/ACDC/gt_trainval/gt/rain/train/GP020400/GP020400_frame_000869_gt_invIds.png
/home/rvl1421/Datasets/ACDC/rgb_anon/rain/train/GP020400/GP020400_frame_000917_rgb_anon.png,/home/rvl1421/Datasets/ACDC/gt_trainval_ref/gt/rain/train_ref/GP020400/GP020400_frame_000917_gt_ref_labelColor.png,/home/rvl1421/Datasets/ACDC/gt_trainval/gt/rain/train/GP020400/GP020400_frame_000917_gt_labelTrainIds.png,rain,1,0.0,0.0,/home/rvl1421/Datasets/ACDC/gt_trainval/gt/rain/train/GP020400/GP020400_frame_000917_gt_invIds.png
/home/rvl1421/Datasets/ACDC/rgb_anon/rain/train/GP020400/GP020400_frame_000945_rgb_anon.png,/home/rvl1421/Datasets/ACDC/gt_trainval_ref/gt/rain/train_ref/GP020400/GP020400_frame_000945_gt_ref_labelColor.png,/home/rvl1421/Datasets/ACDC/gt_trainval/gt/rain/train/GP020400/GP020400_frame_000945_gt_labelTrainIds.png,rain,1,0.0,0.0,/home/rvl1421/Datasets/ACDC/gt_trainval/gt/rain/train/GP020400/GP020400_frame_000945_gt_invIds.png
/home/rvl1421/Datasets/ACDC/rgb_anon/rain/train/GP020400/GP020400_frame_000972_rgb_anon.png,/home/rvl1421/Datasets/ACDC/gt_trainval_ref/gt/rain/train_ref/GP020400/GP020400_frame_000972_gt_ref_labelColor.png,/home/rvl1421/Datasets/ACDC/gt_trainval/gt/rain/train/GP020400/GP020400_frame_000972_gt_labelTrainIds.png,rain,1,0.0,0.0,/home/rvl1421/Datasets/ACDC/gt_trainval/gt/rain/train/GP020400/GP020400_frame_000972_gt_invIds.png
/home/rvl1421/Datasets/ACDC/rgb_anon/rain/train/GP020400/GP020400_frame_000991_rgb_anon.png,/home/rvl1421/Datasets/ACDC/gt_trainval_ref/gt/rain/train_ref/GP020400/GP020400_frame_000991_gt_ref_labelColor.png,/home/rvl1421/Datasets/ACDC/gt_trainval/gt/rain/train/GP020400/GP020400_frame_000991_gt_labelTrainIds.png,rain,1,0.0,0.0,/home/rvl1421/Datasets/ACDC/gt_trainval/gt/rain/train/GP020400/GP020400_frame_000991_gt_invIds.png
/home/rvl1421/Datasets/ACDC/rgb_anon/rain/train/GP020400/GP020400_frame_001004_rgb_anon.png,/home/rvl1421/Datasets/ACDC/gt_trainval_ref/gt/rain/train_ref/GP020400/GP020400_frame_001004_gt_ref_labelColor.png,/home/rvl1421/Datasets/ACDC/gt_trainval/gt/rain/train/GP020400/GP020400_frame_001004_gt_labelTrainIds.png,rain,1,0.0,0.0,/home/rvl1421/Datasets/ACDC/gt_trainval/gt/rain/train/GP020400/GP020400_frame_001004_gt_invIds.png
/home/rvl1421/Datasets/ACDC/rgb_anon/rain/train/GP020400/GP020400_frame_001038_rgb_anon.png,/home/rvl1421/Datasets/ACDC/gt_trainval_ref/gt/rain/train_ref/GP020400/GP020400_frame_001038_gt_ref_labelColor.png,/home/rvl1421/Datasets/ACDC/gt_trainval/gt/rain/train/GP020400/GP020400_frame_001038_gt_labelTrainIds.png,rain,1,0.0,0.0,/home/rvl1421/Datasets/ACDC/gt_trainval/gt/rain/train/GP020400/GP020400_frame_001038_gt_invIds.png
/home/rvl1421/Datasets/ACDC/rgb_anon/rain/train/GP020400/GP020400_frame_001050_rgb_anon.png,/home/rvl1421/Datasets/ACDC/gt_trainval_ref/gt/rain/train_ref/GP020400/GP020400_frame_001050_gt_ref_labelColor.png,/home/rvl1421/Datasets/ACDC/gt_trainval/gt/rain/train/GP020400/GP020400_frame_001050_gt_labelTrainIds.png,rain,1,0.0,0.0,/home/rvl1421/Datasets/ACDC/gt_trainval/gt/rain/train/GP020400/GP020400_frame_001050_gt_invIds.png
/home/rvl1421/Datasets/ACDC/rgb_anon/rain/train/GP020402/GP020402_frame_000001_rgb_anon.png,/home/rvl1421/Datasets/ACDC/gt_trainval_ref/gt/rain/train_ref/GP020402/GP020402_frame_000001_gt_ref_labelColor.png,/home/rvl1421/Datasets/ACDC/gt_trainval/gt/rain/train/GP020402/GP020402_frame_000001_gt_labelTrainIds.png,rain,1,0.0,0.0,/home/rvl1421/Datasets/ACDC/gt_trainval/gt/rain/train/GP020402/GP020402_frame_000001_gt_invIds.png
/home/rvl1421/Datasets/ACDC/rgb_anon/rain/train/GP020402/GP020402_frame_000013_rgb_anon.png,/home/rvl1421/Datasets/ACDC/gt_trainval_ref/gt/rain/train_ref/GP020402/GP020402_frame_000013_gt_ref_labelColor.png,/home/rvl1421/Datasets/ACDC/gt_trainval/gt/rain/train/GP020402/GP020402_frame_000013_gt_labelTrainIds.png,rain,1,0.0,0.0,/home/rvl1421/Datasets/ACDC/gt_trainval/gt/rain/train/GP020402/GP020402_frame_000013_gt_invIds.png
/home/rvl1421/Datasets/ACDC/rgb_anon/rain/train/GP020402/GP020402_frame_000023_rgb_anon.png,/home/rvl1421/Datasets/ACDC/gt_trainval_ref/gt/rain/train_ref/GP020402/GP020402_frame_000023_gt_ref_labelColor.png,/home/rvl1421/Datasets/ACDC/gt_trainval/gt/rain/train/GP020402/GP020402_frame_000023_gt_labelTrainIds.png,rain,1,0.0,0.0,/home/rvl1421/Datasets/ACDC/gt_trainval/gt/rain/train/GP020402/GP020402_frame_000023_gt_invIds.png
/home/rvl1421/Datasets/ACDC/rgb_anon/rain/train/GP020402/GP020402_frame_000043_rgb_anon.png,/home/rvl1421/Datasets/ACDC/gt_trainval_ref/gt/rain/train_ref/GP020402/GP020402_frame_000043_gt_ref_labelColor.png,/home/rvl1421/Datasets/ACDC/gt_trainval/gt/rain/train/GP020402/GP020402_frame_000043_gt_labelTrainIds.png,rain,1,0.0,0.0,/home/rvl1421/Datasets/ACDC/gt_trainval/gt/rain/train/GP020402/GP020402_frame_000043_gt_invIds.png
/home/rvl1421/Datasets/ACDC/rgb_anon/rain/train/GP020402/GP020402_frame_000053_rgb_anon.png,/home/rvl1421/Datasets/ACDC/gt_trainval_ref/gt/rain/train_ref/GP020402/GP020402_frame_000053_gt_ref_labelColor.png,/home/rvl1421/Datasets/ACDC/gt_trainval/gt/rain/train/GP020402/GP020402_frame_000053_gt_labelTrainIds.png,rain,1,0.0,0.0,/home/rvl1421/Datasets/ACDC/gt_trainval/gt/rain/train/GP020402/GP020402_frame_000053_gt_invIds.png
/home/rvl1421/Datasets/ACDC/rgb_anon/rain/train/GP020402/GP020402_frame_000064_rgb_anon.png,/home/rvl1421/Datasets/ACDC/gt_trainval_ref/gt/rain/train_ref/GP020402/GP020402_frame_000064_gt_ref_labelColor.png,/home/rvl1421/Datasets/ACDC/gt_trainval/gt/rain/train/GP020402/GP020402_frame_000064_gt_labelTrainIds.png,rain,1,0.0,0.0,/home/rvl1421/Datasets/ACDC/gt_trainval/gt/rain/train/GP020402/GP020402_frame_000064_gt_invIds.png
/home/rvl1421/Datasets/ACDC/rgb_anon/rain/train/GP020402/GP020402_frame_000075_rgb_anon.png,/home/rvl1421/Datasets/ACDC/gt_trainval_ref/gt/rain/train_ref/GP020402/GP020402_frame_000075_gt_ref_labelColor.png,/home/rvl1421/Datasets/ACDC/gt_trainval/gt/rain/train/GP020402/GP020402_frame_000075_gt_labelTrainIds.png,rain,1,0.0,0.0,/home/rvl1421/Datasets/ACDC/gt_trainval/gt/rain/train/GP020402/GP020402_frame_000075_gt_invIds.png
/home/rvl1421/Datasets/ACDC/rgb_anon/rain/train/GP020402/GP020402_frame_000085_rgb_anon.png,/home/rvl1421/Datasets/ACDC/gt_trainval_ref/gt/rain/train_ref/GP020402/GP020402_frame_000085_gt_ref_labelColor.png,/home/rvl1421/Datasets/ACDC/gt_trainval/gt/rain/train/GP020402/GP020402_frame_000085_gt_labelTrainIds.png,rain,1,0.0,0.0,/home/rvl1421/Datasets/ACDC/gt_trainval/gt/rain/train/GP020402/GP020402_frame_000085_gt_invIds.png
/home/rvl1421/Datasets/ACDC/rgb_anon/rain/train/GP020402/GP020402_frame_000097_rgb_anon.png,/home/rvl1421/Datasets/ACDC/gt_trainval_ref/gt/rain/train_ref/GP020402/GP020402_frame_000097_gt_ref_labelColor.png,/home/rvl1421/Datasets/ACDC/gt_trainval/gt/rain/train/GP020402/GP020402_frame_000097_gt_labelTrainIds.png,rain,1,0.0,0.0,/home/rvl1421/Datasets/ACDC/gt_trainval/gt/rain/train/GP020402/GP020402_frame_000097_gt_invIds.png
/home/rvl1421/Datasets/ACDC/rgb_anon/rain/train/GP020402/GP020402_frame_000119_rgb_anon.png,/home/rvl1421/Datasets/ACDC/gt_trainval_ref/gt/rain/train_ref/GP020402/GP020402_frame_000119_gt_ref_labelColor.png,/home/rvl1421/Datasets/ACDC/gt_trainval/gt/rain/train/GP020402/GP020402_frame_000119_gt_labelTrainIds.png,rain,1,0.0,0.0,/home/rvl1421/Datasets/ACDC/gt_trainval/gt/rain/train/GP020402/GP020402_frame_000119_gt_invIds.png
/home/rvl1421/Datasets/ACDC/rgb_anon/rain/train/GP020402/GP020402_frame_000131_rgb_anon.png,/home/rvl1421/Datasets/ACDC/gt_trainval_ref/gt/rain/train_ref/GP020402/GP020402_frame_000131_gt_ref_labelColor.png,/home/rvl1421/Datasets/ACDC/gt_trainval/gt/rain/train/GP020402/GP020402_frame_000131_gt_labelTrainIds.png,rain,1,0.0,0.0,/home/rvl1421/Datasets/ACDC/gt_trainval/gt/rain/train/GP020402/GP020402_frame_000131_gt_invIds.png
/home/rvl1421/Datasets/ACDC/rgb_anon/rain/train/GP020402/GP020402_frame_000143_rgb_anon.png,/home/rvl1421/Datasets/ACDC/gt_trainval_ref/gt/rain/train_ref/GP020402/GP020402_frame_000143_gt_ref_labelColor.png,/home/rvl1421/Datasets/ACDC/gt_trainval/gt/rain/train/GP020402/GP020402_frame_000143_gt_labelTrainIds.png,rain,1,0.0,0.0,/home/rvl1421/Datasets/ACDC/gt_trainval/gt/rain/train/GP020402/GP020402_frame_000143_gt_invIds.png
/home/rvl1421/Datasets/ACDC/rgb_anon/rain/train/GP020402/GP020402_frame_000153_rgb_anon.png,/home/rvl1421/Datasets/ACDC/gt_trainval_ref/gt/rain/train_ref/GP020402/GP020402_frame_000153_gt_ref_labelColor.png,/home/rvl1421/Datasets/ACDC/gt_trainval/gt/rain/train/GP020402/GP020402_frame_000153_gt_labelTrainIds.png,rain,1,0.0,0.0,/home/rvl1421/Datasets/ACDC/gt_trainval/gt/rain/train/GP020402/GP020402_frame_000153_gt_invIds.png
/home/rvl1421/Datasets/ACDC/rgb_anon/rain/train/GP020402/GP020402_frame_000165_rgb_anon.png,/home/rvl1421/Datasets/ACDC/gt_trainval_ref/gt/rain/train_ref/GP020402/GP020402_frame_000165_gt_ref_labelColor.png,/home/rvl1421/Datasets/ACDC/gt_trainval/gt/rain/train/GP020402/GP020402_frame_000165_gt_labelTrainIds.png,rain,1,0.0,0.0,/home/rvl1421/Datasets/ACDC/gt_trainval/gt/rain/train/GP020402/GP020402_frame_000165_gt_invIds.png
/home/rvl1421/Datasets/ACDC/rgb_anon/rain/train/GP020402/GP020402_frame_000191_rgb_anon.png,/home/rvl1421/Datasets/ACDC/gt_trainval_ref/gt/rain/train_ref/GP020402/GP020402_frame_000191_gt_ref_labelColor.png,/home/rvl1421/Datasets/ACDC/gt_trainval/gt/rain/train/GP020402/GP020402_frame_000191_gt_labelTrainIds.png,rain,1,0.0,0.0,/home/rvl1421/Datasets/ACDC/gt_trainval/gt/rain/train/GP020402/GP020402_frame_000191_gt_invIds.png
/home/rvl1421/Datasets/ACDC/rgb_anon/rain/train/GP020402/GP020402_frame_000231_rgb_anon.png,/home/rvl1421/Datasets/ACDC/gt_trainval_ref/gt/rain/train_ref/GP020402/GP020402_frame_000231_gt_ref_labelColor.png,/home/rvl1421/Datasets/ACDC/gt_trainval/gt/rain/train/GP020402/GP020402_frame_000231_gt_labelTrainIds.png,rain,1,0.0,0.0,/home/rvl1421/Datasets/ACDC/gt_trainval/gt/rain/train/GP020402/GP020402_frame_000231_gt_invIds.png
/home/rvl1421/Datasets/ACDC/rgb_anon/rain/train/GP020402/GP020402_frame_000271_rgb_anon.png,/home/rvl1421/Datasets/ACDC/gt_trainval_ref/gt/rain/train_ref/GP020402/GP020402_frame_000271_gt_ref_labelColor.png,/home/rvl1421/Datasets/ACDC/gt_trainval/gt/rain/train/GP020402/GP020402_frame_000271_gt_labelTrainIds.png,rain,1,0.0,0.0,/home/rvl1421/Datasets/ACDC/gt_trainval/gt/rain/train/GP020402/GP020402_frame_000271_gt_invIds.png
/home/rvl1421/Datasets/ACDC/rgb_anon/rain/train/GP020402/GP020402_frame_000282_rgb_anon.png,/home/rvl1421/Datasets/ACDC/gt_trainval_ref/gt/rain/train_ref/GP020402/GP020402_frame_000282_gt_ref_labelColor.png,/home/rvl1421/Datasets/ACDC/gt_trainval/gt/rain/train/GP020402/GP020402_frame_000282_gt_labelTrainIds.png,rain,1,0.0,0.0,/home/rvl1421/Datasets/ACDC/gt_trainval/gt/rain/train/GP020402/GP020402_frame_000282_gt_invIds.png
/home/rvl1421/Datasets/ACDC/rgb_anon/rain/train/GP020402/GP020402_frame_000295_rgb_anon.png,/home/rvl1421/Datasets/ACDC/gt_trainval_ref/gt/rain/train_ref/GP020402/GP020402_frame_000295_gt_ref_labelColor.png,/home/rvl1421/Datasets/ACDC/gt_trainval/gt/rain/train/GP020402/GP020402_frame_000295_gt_labelTrainIds.png,rain,1,0.0,0.0,/home/rvl1421/Datasets/ACDC/gt_trainval/gt/rain/train/GP020402/GP020402_frame_000295_gt_invIds.png
/home/rvl1421/Datasets/ACDC/rgb_anon/rain/train/GP020402/GP020402_frame_000306_rgb_anon.png,/home/rvl1421/Datasets/ACDC/gt_trainval_ref/gt/rain/train_ref/GP020402/GP020402_frame_000306_gt_ref_labelColor.png,/home/rvl1421/Datasets/ACDC/gt_trainval/gt/rain/train/GP020402/GP020402_frame_000306_gt_labelTrainIds.png,rain,1,0.0,0.0,/home/rvl1421/Datasets/ACDC/gt_trainval/gt/rain/train/GP020402/GP020402_frame_000306_gt_invIds.png
/home/rvl1421/Datasets/ACDC/rgb_anon/rain/train/GP020402/GP020402_frame_000316_rgb_anon.png,/home/rvl1421/Datasets/ACDC/gt_trainval_ref/gt/rain/train_ref/GP020402/GP020402_frame_000316_gt_ref_labelColor.png,/home/rvl1421/Datasets/ACDC/gt_trainval/gt/rain/train/GP020402/GP020402_frame_000316_gt_labelTrainIds.png,rain,1,0.0,0.0,/home/rvl1421/Datasets/ACDC/gt_trainval/gt/rain/train/GP020402/GP020402_frame_000316_gt_invIds.png
/home/rvl1421/Datasets/ACDC/rgb_anon/rain/train/GP020402/GP020402_frame_000326_rgb_anon.png,/home/rvl1421/Datasets/ACDC/gt_trainval_ref/gt/rain/train_ref/GP020402/GP020402_frame_000326_gt_ref_labelColor.png,/home/rvl1421/Datasets/ACDC/gt_trainval/gt/rain/train/GP020402/GP020402_frame_000326_gt_labelTrainIds.png,rain,1,0.0,0.0,/home/rvl1421/Datasets/ACDC/gt_trainval/gt/rain/train/GP020402/GP020402_frame_000326_gt_invIds.png
/home/rvl1421/Datasets/ACDC/rgb_anon/rain/train/GP020402/GP020402_frame_000352_rgb_anon.png,/home/rvl1421/Datasets/ACDC/gt_trainval_ref/gt/rain/train_ref/GP020402/GP020402_frame_000352_gt_ref_labelColor.png,/home/rvl1421/Datasets/ACDC/gt_trainval/gt/rain/train/GP020402/GP020402_frame_000352_gt_labelTrainIds.png,rain,1,0.0,0.0,/home/rvl1421/Datasets/ACDC/gt_trainval/gt/rain/train/GP020402/GP020402_frame_000352_gt_invIds.png
/home/rvl1421/Datasets/ACDC/rgb_anon/rain/train/GP020402/GP020402_frame_000372_rgb_anon.png,/home/rvl1421/Datasets/ACDC/gt_trainval_ref/gt/rain/train_ref/GP020402/GP020402_frame_000372_gt_ref_labelColor.png,/home/rvl1421/Datasets/ACDC/gt_trainval/gt/rain/train/GP020402/GP020402_frame_000372_gt_labelTrainIds.png,rain,1,0.0,0.0,/home/rvl1421/Datasets/ACDC/gt_trainval/gt/rain/train/GP020402/GP020402_frame_000372_gt_invIds.png
/home/rvl1421/Datasets/ACDC/rgb_anon/rain/train/GP020402/GP020402_frame_000389_rgb_anon.png,/home/rvl1421/Datasets/ACDC/gt_trainval_ref/gt/rain/train_ref/GP020402/GP020402_frame_000389_gt_ref_labelColor.png,/home/rvl1421/Datasets/ACDC/gt_trainval/gt/rain/train/GP020402/GP020402_frame_000389_gt_labelTrainIds.png,rain,1,0.0,0.0,/home/rvl1421/Datasets/ACDC/gt_trainval/gt/rain/train/GP020402/GP020402_frame_000389_gt_invIds.png
/home/rvl1421/Datasets/ACDC/rgb_anon/rain/train/GP020402/GP020402_frame_000409_rgb_anon.png,/home/rvl1421/Datasets/ACDC/gt_trainval_ref/gt/rain/train_ref/GP020402/GP020402_frame_000409_gt_ref_labelColor.png,/home/rvl1421/Datasets/ACDC/gt_trainval/gt/rain/train/GP020402/GP020402_frame_000409_gt_labelTrainIds.png,rain,1,0.0,0.0,/home/rvl1421/Datasets/ACDC/gt_trainval/gt/rain/train/GP020402/GP020402_frame_000409_gt_invIds.png
/home/rvl1421/Datasets/ACDC/rgb_anon/rain/train/GP020402/GP020402_frame_000419_rgb_anon.png,/home/rvl1421/Datasets/ACDC/gt_trainval_ref/gt/rain/train_ref/GP020402/GP020402_frame_000419_gt_ref_labelColor.png,/home/rvl1421/Datasets/ACDC/gt_trainval/gt/rain/train/GP020402/GP020402_frame_000419_gt_labelTrainIds.png,rain,1,0.0,0.0,/home/rvl1421/Datasets/ACDC/gt_trainval/gt/rain/train/GP020402/GP020402_frame_000419_gt_invIds.png
/home/rvl1421/Datasets/ACDC/rgb_anon/rain/train/GP020402/GP020402_frame_000440_rgb_anon.png,/home/rvl1421/Datasets/ACDC/gt_trainval_ref/gt/rain/train_ref/GP020402/GP020402_frame_000440_gt_ref_labelColor.png,/home/rvl1421/Datasets/ACDC/gt_trainval/gt/rain/train/GP020402/GP020402_frame_000440_gt_labelTrainIds.png,rain,1,0.0,0.0,/home/rvl1421/Datasets/ACDC/gt_trainval/gt/rain/train/GP020402/GP020402_frame_000440_gt_invIds.png
/home/rvl1421/Datasets/ACDC/rgb_anon/rain/train/GP020402/GP020402_frame_000457_rgb_anon.png,/home/rvl1421/Datasets/ACDC/gt_trainval_ref/gt/rain/train_ref/GP020402/GP020402_frame_000457_gt_ref_labelColor.png,/home/rvl1421/Datasets/ACDC/gt_trainval/gt/rain/train/GP020402/GP020402_frame_000457_gt_labelTrainIds.png,rain,1,0.0,0.0,/home/rvl1421/Datasets/ACDC/gt_trainval/gt/rain/train/GP020402/GP020402_frame_000457_gt_invIds.png
/home/rvl1421/Datasets/ACDC/rgb_anon/rain/train/GP020402/GP020402_frame_000472_rgb_anon.png,/home/rvl1421/Datasets/ACDC/gt_trainval_ref/gt/rain/train_ref/GP020402/GP020402_frame_000472_gt_ref_labelColor.png,/home/rvl1421/Datasets/ACDC/gt_trainval/gt/rain/train/GP020402/GP020402_frame_000472_gt_labelTrainIds.png,rain,1,0.0,0.0,/home/rvl1421/Datasets/ACDC/gt_trainval/gt/rain/train/GP020402/GP020402_frame_000472_gt_invIds.png
/home/rvl1421/Datasets/ACDC/rgb_anon/rain/train/GP020402/GP020402_frame_000485_rgb_anon.png,/home/rvl1421/Datasets/ACDC/gt_trainval_ref/gt/rain/train_ref/GP020402/GP020402_frame_000485_gt_ref_labelColor.png,/home/rvl1421/Datasets/ACDC/gt_trainval/gt/rain/train/GP020402/GP020402_frame_000485_gt_labelTrainIds.png,rain,1,0.0,0.0,/home/rvl1421/Datasets/ACDC/gt_trainval/gt/rain/train/GP020402/GP020402_frame_000485_gt_invIds.png
/home/rvl1421/Datasets/ACDC/rgb_anon/rain/train/GP020402/GP020402_frame_000521_rgb_anon.png,/home/rvl1421/Datasets/ACDC/gt_trainval_ref/gt/rain/train_ref/GP020402/GP020402_frame_000521_gt_ref_labelColor.png,/home/rvl1421/Datasets/ACDC/gt_trainval/gt/rain/train/GP020402/GP020402_frame_000521_gt_labelTrainIds.png,rain,1,0.0,0.0,/home/rvl1421/Datasets/ACDC/gt_trainval/gt/rain/train/GP020402/GP020402_frame_000521_gt_invIds.png
/home/rvl1421/Datasets/ACDC/rgb_anon/rain/train/GP020402/GP020402_frame_000545_rgb_anon.png,/home/rvl1421/Datasets/ACDC/gt_trainval_ref/gt/rain/train_ref/GP020402/GP020402_frame_000545_gt_ref_labelColor.png,/home/rvl1421/Datasets/ACDC/gt_trainval/gt/rain/train/GP020402/GP020402_frame_000545_gt_labelTrainIds.png,rain,1,0.0,0.0,/home/rvl1421/Datasets/ACDC/gt_trainval/gt/rain/train/GP020402/GP020402_frame_000545_gt_invIds.png
/home/rvl1421/Datasets/ACDC/rgb_anon/rain/train/GP020402/GP020402_frame_000567_rgb_anon.png,/home/rvl1421/Datasets/ACDC/gt_trainval_ref/gt/rain/train_ref/GP020402/GP020402_frame_000567_gt_ref_labelColor.png,/home/rvl1421/Datasets/ACDC/gt_trainval/gt/rain/train/GP020402/GP020402_frame_000567_gt_labelTrainIds.png,rain,1,0.0,0.0,/home/rvl1421/Datasets/ACDC/gt_trainval/gt/rain/train/GP020402/GP020402_frame_000567_gt_invIds.png
/home/rvl1421/Datasets/ACDC/rgb_anon/rain/train/GP020402/GP020402_frame_000587_rgb_anon.png,/home/rvl1421/Datasets/ACDC/gt_trainval_ref/gt/rain/train_ref/GP020402/GP020402_frame_000587_gt_ref_labelColor.png,/home/rvl1421/Datasets/ACDC/gt_trainval/gt/rain/train/GP020402/GP020402_frame_000587_gt_labelTrainIds.png,rain,1,0.0,0.0,/home/rvl1421/Datasets/ACDC/gt_trainval/gt/rain/train/GP020402/GP020402_frame_000587_gt_invIds.png
/home/rvl1421/Datasets/ACDC/rgb_anon/rain/train/GP020571/GP020571_frame_000646_rgb_anon.png,/home/rvl1421/Datasets/ACDC/gt_trainval_ref/gt/rain/train_ref/GP020571/GP020571_frame_000646_gt_ref_labelColor.png,/home/rvl1421/Datasets/ACDC/gt_trainval/gt/rain/train/GP020571/GP020571_frame_000646_gt_labelTrainIds.png,rain,1,0.0,0.0,/home/rvl1421/Datasets/ACDC/gt_trainval/gt/rain/train/GP020571/GP020571_frame_000646_gt_invIds.png
/home/rvl1421/Datasets/ACDC/rgb_anon/rain/train/GP020571/GP020571_frame_000666_rgb_anon.png,/home/rvl1421/Datasets/ACDC/gt_trainval_ref/gt/rain/train_ref/GP020571/GP020571_frame_000666_gt_ref_labelColor.png,/home/rvl1421/Datasets/ACDC/gt_trainval/gt/rain/train/GP020571/GP020571_frame_000666_gt_labelTrainIds.png,rain,1,0.0,0.0,/home/rvl1421/Datasets/ACDC/gt_trainval/gt/rain/train/GP020571/GP020571_frame_000666_gt_invIds.png
/home/rvl1421/Datasets/ACDC/rgb_anon/rain/train/GP020571/GP020571_frame_000695_rgb_anon.png,/home/rvl1421/Datasets/ACDC/gt_trainval_ref/gt/rain/train_ref/GP020571/GP020571_frame_000695_gt_ref_labelColor.png,/home/rvl1421/Datasets/ACDC/gt_trainval/gt/rain/train/GP020571/GP020571_frame_000695_gt_labelTrainIds.png,rain,1,0.0,0.0,/home/rvl1421/Datasets/ACDC/gt_trainval/gt/rain/train/GP020571/GP020571_frame_000695_gt_invIds.png
/home/rvl1421/Datasets/ACDC/rgb_anon/rain/train/GP030400/GP030400_frame_000035_rgb_anon.png,/home/rvl1421/Datasets/ACDC/gt_trainval_ref/gt/rain/train_ref/GP030400/GP030400_frame_000035_gt_ref_labelColor.png,/home/rvl1421/Datasets/ACDC/gt_trainval/gt/rain/train/GP030400/GP030400_frame_000035_gt_labelTrainIds.png,rain,1,0.0,0.0,/home/rvl1421/Datasets/ACDC/gt_trainval/gt/rain/train/GP030400/GP030400_frame_000035_gt_invIds.png
/home/rvl1421/Datasets/ACDC/rgb_anon/rain/train/GP030400/GP030400_frame_000050_rgb_anon.png,/home/rvl1421/Datasets/ACDC/gt_trainval_ref/gt/rain/train_ref/GP030400/GP030400_frame_000050_gt_ref_labelColor.png,/home/rvl1421/Datasets/ACDC/gt_trainval/gt/rain/train/GP030400/GP030400_frame_000050_gt_labelTrainIds.png,rain,1,0.0,0.0,/home/rvl1421/Datasets/ACDC/gt_trainval/gt/rain/train/GP030400/GP030400_frame_000050_gt_invIds.png
/home/rvl1421/Datasets/ACDC/rgb_anon/snow/train/GOPR0122/GOPR0122_frame_000161_rgb_anon.png,/home/rvl1421/Datasets/ACDC/gt_trainval_ref/gt/snow/train_ref/GOPR0122/GOPR0122_frame_000161_gt_ref_labelColor.png,/home/rvl1421/Datasets/ACDC/gt_trainval/gt/snow/train/GOPR0122/GOPR0122_frame_000161_gt_labelTrainIds.png,snow,2,0.0,0.0,/home/rvl1421/Datasets/ACDC/gt_trainval/gt/snow/train/GOPR0122/GOPR0122_frame_000161_gt_invIds.png
/home/rvl1421/Datasets/ACDC/rgb_anon/snow/train/GOPR0122/GOPR0122_frame_000185_rgb_anon.png,/home/rvl1421/Datasets/ACDC/gt_trainval_ref/gt/snow/train_ref/GOPR0122/GOPR0122_frame_000185_gt_ref_labelColor.png,/home/rvl1421/Datasets/ACDC/gt_trainval/gt/snow/train/GOPR0122/GOPR0122_frame_000185_gt_labelTrainIds.png,snow,2,0.0,0.0,/home/rvl1421/Datasets/ACDC/gt_trainval/gt/snow/train/GOPR0122/GOPR0122_frame_000185_gt_invIds.png
/home/rvl1421/Datasets/ACDC/rgb_anon/snow/train/GOPR0122/GOPR0122_frame_000198_rgb_anon.png,/home/rvl1421/Datasets/ACDC/gt_trainval_ref/gt/snow/train_ref/GOPR0122/GOPR0122_frame_000198_gt_ref_labelColor.png,/home/rvl1421/Datasets/ACDC/gt_trainval/gt/snow/train/GOPR0122/GOPR0122_frame_000198_gt_labelTrainIds.png,snow,2,0.0,0.0,/home/rvl1421/Datasets/ACDC/gt_trainval/gt/snow/train/GOPR0122/GOPR0122_frame_000198_gt_invIds.png
/home/rvl1421/Datasets/ACDC/rgb_anon/snow/train/GOPR0122/GOPR0122_frame_000212_rgb_anon.png,/home/rvl1421/Datasets/ACDC/gt_trainval_ref/gt/snow/train_ref/GOPR0122/GOPR0122_frame_000212_gt_ref_labelColor.png,/home/rvl1421/Datasets/ACDC/gt_trainval/gt/snow/train/GOPR0122/GOPR0122_frame_000212_gt_labelTrainIds.png,snow,2,0.0,0.0,/home/rvl1421/Datasets/ACDC/gt_trainval/gt/snow/train/GOPR0122/GOPR0122_frame_000212_gt_invIds.png
/home/rvl1421/Datasets/ACDC/rgb_anon/snow/train/GOPR0122/GOPR0122_frame_000227_rgb_anon.png,/home/rvl1421/Datasets/ACDC/gt_trainval_ref/gt/snow/train_ref/GOPR0122/GOPR0122_frame_000227_gt_ref_labelColor.png,/home/rvl1421/Datasets/ACDC/gt_trainval/gt/snow/train/GOPR0122/GOPR0122_frame_000227_gt_labelTrainIds.png,snow,2,0.0,0.0,/home/rvl1421/Datasets/ACDC/gt_trainval/gt/snow/train/GOPR0122/GOPR0122_frame_000227_gt_invIds.png
/home/rvl1421/Datasets/ACDC/rgb_anon/snow/train/GOPR0122/GOPR0122_frame_000248_rgb_anon.png,/home/rvl1421/Datasets/ACDC/gt_trainval_ref/gt/snow/train_ref/GOPR0122/GOPR0122_frame_000248_gt_ref_labelColor.png,/home/rvl1421/Datasets/ACDC/gt_trainval/gt/snow/train/GOPR0122/GOPR0122_frame_000248_gt_labelTrainIds.png,snow,2,0.0,0.0,/home/rvl1421/Datasets/ACDC/gt_trainval/gt/snow/train/GOPR0122/GOPR0122_frame_000248_gt_invIds.png
/home/rvl1421/Datasets/ACDC/rgb_anon/snow/train/GOPR0122/GOPR0122_frame_000275_rgb_anon.png,/home/rvl1421/Datasets/ACDC/gt_trainval_ref/gt/snow/train_ref/GOPR0122/GOPR0122_frame_000275_gt_ref_labelColor.png,/home/rvl1421/Datasets/ACDC/gt_trainval/gt/snow/train/GOPR0122/GOPR0122_frame_000275_gt_labelTrainIds.png,snow,2,0.0,0.0,/home/rvl1421/Datasets/ACDC/gt_trainval/gt/snow/train/GOPR0122/GOPR0122_frame_000275_gt_invIds.png
/home/rvl1421/Datasets/ACDC/rgb_anon/snow/train/GOPR0122/GOPR0122_frame_000294_rgb_anon.png,/home/rvl1421/Datasets/ACDC/gt_trainval_ref/gt/snow/train_ref/GOPR0122/GOPR0122_frame_000294_gt_ref_labelColor.png,/home/rvl1421/Datasets/ACDC/gt_trainval/gt/snow/train/GOPR0122/GOPR0122_frame_000294_gt_labelTrainIds.png,snow,2,0.0,0.0,/home/rvl1421/Datasets/ACDC/gt_trainval/gt/snow/train/GOPR0122/GOPR0122_frame_000294_gt_invIds.png
/home/rvl1421/Datasets/ACDC/rgb_anon/snow/train/GOPR0604/GOPR0604_frame_000504_rgb_anon.png,/home/rvl1421/Datasets/ACDC/gt_trainval_ref/gt/snow/train_ref/GOPR0604/GOPR0604_frame_000504_gt_ref_labelColor.png,/home/rvl1421/Datasets/ACDC/gt_trainval/gt/snow/train/GOPR0604/GOPR0604_frame_000504_gt_labelTrainIds.png,snow,2,0.0,0.0,/home/rvl1421/Datasets/ACDC/gt_trainval/gt/snow/train/GOPR0604/GOPR0604_frame_000504_gt_invIds.png
/home/rvl1421/Datasets/ACDC/rgb_anon/snow/train/GOPR0604/GOPR0604_frame_000521_rgb_anon.png,/home/rvl1421/Datasets/ACDC/gt_trainval_ref/gt/snow/train_ref/GOPR0604/GOPR0604_frame_000521_gt_ref_labelColor.png,/home/rvl1421/Datasets/ACDC/gt_trainval/gt/snow/train/GOPR0604/GOPR0604_frame_000521_gt_labelTrainIds.png,snow,2,0.0,0.0,/home/rvl1421/Datasets/ACDC/gt_trainval/gt/snow/train/GOPR0604/GOPR0604_frame_000521_gt_invIds.png
/home/rvl1421/Datasets/ACDC/rgb_anon/snow/train/GOPR0604/GOPR0604_frame_000543_rgb_anon.png,/home/rvl1421/Datasets/ACDC/gt_trainval_ref/gt/snow/train_ref/GOPR0604/GOPR0604_frame_000543_gt_ref_labelColor.png,/home/rvl1421/Datasets/ACDC/gt_trainval/gt/snow/train/GOPR0604/GOPR0604_frame_000543_gt_labelTrainIds.png,snow,2,0.0,0.0,/home/rvl1421/Datasets/ACDC/gt_trainval/gt/snow/train/GOPR0604/GOPR0604_frame_000543_gt_invIds.png
/home/rvl1421/Datasets/ACDC/rgb_anon/snow/train/GOPR0604/GOPR0604_frame_000563_rgb_anon.png,/home/rvl1421/Datasets/ACDC/gt_trainval_ref/gt/snow/train_ref/GOPR0604/GOPR0604_frame_000563_gt_ref_labelColor.png,/home/rvl1421/Datasets/ACDC/gt_trainval/gt/snow/train/GOPR0604/GOPR0604_frame_000563_gt_labelTrainIds.png,snow,2,0.0,0.0,/home/rvl1421/Datasets/ACDC/gt_trainval/gt/snow/train/GOPR0604/GOPR0604_frame_000563_gt_invIds.png
/home/rvl1421/Datasets/ACDC/rgb_anon/snow/train/GOPR0604/GOPR0604_frame_000573_rgb_anon.png,/home/rvl1421/Datasets/ACDC/gt_trainval_ref/gt/snow/train_ref/GOPR0604/GOPR0604_frame_000573_gt_ref_labelColor.png,/home/rvl1421/Datasets/ACDC/gt_trainval/gt/snow/train/GOPR0604/GOPR0604_frame_000573_gt_labelTrainIds.png,snow,2,0.0,0.0,/home/rvl1421/Datasets/ACDC/gt_trainval/gt/snow/train/GOPR0604/GOPR0604_frame_000573_gt_invIds.png
/home/rvl1421/Datasets/ACDC/rgb_anon/snow/train/GOPR0604/GOPR0604_frame_000584_rgb_anon.png,/home/rvl1421/Datasets/ACDC/gt_trainval_ref/gt/snow/train_ref/GOPR0604/GOPR0604_frame_000584_gt_ref_labelColor.png,/home/rvl1421/Datasets/ACDC/gt_trainval/gt/snow/train/GOPR0604/GOPR0604_frame_000584_gt_labelTrainIds.png,snow,2,0.0,0.0,/home/rvl1421/Datasets/ACDC/gt_trainval/gt/snow/train/GOPR0604/GOPR0604_frame_000584_gt_invIds.png
/home/rvl1421/Datasets/ACDC/rgb_anon/snow/train/GOPR0604/GOPR0604_frame_000599_rgb_anon.png,/home/rvl1421/Datasets/ACDC/gt_trainval_ref/gt/snow/train_ref/GOPR0604/GOPR0604_frame_000599_gt_ref_labelColor.png,/home/rvl1421/Datasets/ACDC/gt_trainval/gt/snow/train/GOPR0604/GOPR0604_frame_000599_gt_labelTrainIds.png,snow,2,0.0,0.0,/home/rvl1421/Datasets/ACDC/gt_trainval/gt/snow/train/GOPR0604/GOPR0604_frame_000599_gt_invIds.png
/home/rvl1421/Datasets/ACDC/rgb_anon/snow/train/GOPR0604/GOPR0604_frame_000614_rgb_anon.png,/home/rvl1421/Datasets/ACDC/gt_trainval_ref/gt/snow/train_ref/GOPR0604/GOPR0604_frame_000614_gt_ref_labelColor.png,/home/rvl1421/Datasets/ACDC/gt_trainval/gt/snow/train/GOPR0604/GOPR0604_frame_000614_gt_labelTrainIds.png,snow,2,0.0,0.0,/home/rvl1421/Datasets/ACDC/gt_trainval/gt/snow/train/GOPR0604/GOPR0604_frame_000614_gt_invIds.png
/home/rvl1421/Datasets/ACDC/rgb_anon/snow/train/GOPR0604/GOPR0604_frame_000625_rgb_anon.png,/home/rvl1421/Datasets/ACDC/gt_trainval_ref/gt/snow/train_ref/GOPR0604/GOPR0604_frame_000625_gt_ref_labelColor.png,/home/rvl1421/Datasets/ACDC/gt_trainval/gt/snow/train/GOPR0604/GOPR0604_frame_000625_gt_labelTrainIds.png,snow,2,0.0,0.0,/home/rvl1421/Datasets/ACDC/gt_trainval/gt/snow/train/GOPR0604/GOPR0604_frame_000625_gt_invIds.png
/home/rvl1421/Datasets/ACDC/rgb_anon/snow/train/GOPR0604/GOPR0604_frame_000652_rgb_anon.png,/home/rvl1421/Datasets/ACDC/gt_trainval_ref/gt/snow/train_ref/GOPR0604/GOPR0604_frame_000652_gt_ref_labelColor.png,/home/rvl1421/Datasets/ACDC/gt_trainval/gt/snow/train/GOPR0604/GOPR0604_frame_000652_gt_labelTrainIds.png,snow,2,0.0,0.0,/home/rvl1421/Datasets/ACDC/gt_trainval/gt/snow/train/GOPR0604/GOPR0604_frame_000652_gt_invIds.png
/home/rvl1421/Datasets/ACDC/rgb_anon/snow/train/GOPR0604/GOPR0604_frame_000681_rgb_anon.png,/home/rvl1421/Datasets/ACDC/gt_trainval_ref/gt/snow/train_ref/GOPR0604/GOPR0604_frame_000681_gt_ref_labelColor.png,/home/rvl1421/Datasets/ACDC/gt_trainval/gt/snow/train/GOPR0604/GOPR0604_frame_000681_gt_labelTrainIds.png,snow,2,0.0,0.0,/home/rvl1421/Datasets/ACDC/gt_trainval/gt/snow/train/GOPR0604/GOPR0604_frame_000681_gt_invIds.png
/home/rvl1421/Datasets/ACDC/rgb_anon/snow/train/GOPR0604/GOPR0604_frame_000699_rgb_anon.png,/home/rvl1421/Datasets/ACDC/gt_trainval_ref/gt/snow/train_ref/GOPR0604/GOPR0604_frame_000699_gt_ref_labelColor.png,/home/rvl1421/Datasets/ACDC/gt_trainval/gt/snow/train/GOPR0604/GOPR0604_frame_000699_gt_labelTrainIds.png,snow,2,0.0,0.0,/home/rvl1421/Datasets/ACDC/gt_trainval/gt/snow/train/GOPR0604/GOPR0604_frame_000699_gt_invIds.png
/home/rvl1421/Datasets/ACDC/rgb_anon/snow/train/GOPR0604/GOPR0604_frame_000709_rgb_anon.png,/home/rvl1421/Datasets/ACDC/gt_trainval_ref/gt/snow/train_ref/GOPR0604/GOPR0604_frame_000709_gt_ref_labelColor.png,/home/rvl1421/Datasets/ACDC/gt_trainval/gt/snow/train/GOPR0604/GOPR0604_frame_000709_gt_labelTrainIds.png,snow,2,0.0,0.0,/home/rvl1421/Datasets/ACDC/gt_trainval/gt/snow/train/GOPR0604/GOPR0604_frame_000709_gt_invIds.png
/home/rvl1421/Datasets/ACDC/rgb_anon/snow/train/GOPR0604/GOPR0604_frame_000720_rgb_anon.png,/home/rvl1421/Datasets/ACDC/gt_trainval_ref/gt/snow/train_ref/GOPR0604/GOPR0604_frame_000720_gt_ref_labelColor.png,/home/rvl1421/Datasets/ACDC/gt_trainval/gt/snow/train/GOPR0604/GOPR0604_frame_000720_gt_labelTrainIds.png,snow,2,0.0,0.0,/home/rvl1421/Datasets/ACDC/gt_trainval/gt/snow/train/GOPR0604/GOPR0604_frame_000720_gt_invIds.png
/home/rvl1421/Datasets/ACDC/rgb_anon/snow/train/GOPR0604/GOPR0604_frame_000758_rgb_anon.png,/home/rvl1421/Datasets/ACDC/gt_trainval_ref/gt/snow/train_ref/GOPR0604/GOPR0604_frame_000758_gt_ref_labelColor.png,/home/rvl1421/Datasets/ACDC/gt_trainval/gt/snow/train/GOPR0604/GOPR0604_frame_000758_gt_labelTrainIds.png,snow,2,0.0,0.0,/home/rvl1421/Datasets/ACDC/gt_trainval/gt/snow/train/GOPR0604/GOPR0604_frame_000758_gt_invIds.png
/home/rvl1421/Datasets/ACDC/rgb_anon/snow/train/GOPR0606/GOPR0606_frame_000479_rgb_anon.png,/home/rvl1421/Datasets/ACDC/gt_trainval_ref/gt/snow/train_ref/GOPR0606/GOPR0606_frame_000479_gt_ref_labelColor.png,/home/rvl1421/Datasets/ACDC/gt_trainval/gt/snow/train/GOPR0606/GOPR0606_frame_000479_gt_labelTrainIds.png,snow,2,0.0,0.0,/home/rvl1421/Datasets/ACDC/gt_trainval/gt/snow/train/GOPR0606/GOPR0606_frame_000479_gt_invIds.png
/home/rvl1421/Datasets/ACDC/rgb_anon/snow/train/GOPR0606/GOPR0606_frame_000494_rgb_anon.png,/home/rvl1421/Datasets/ACDC/gt_trainval_ref/gt/snow/train_ref/GOPR0606/GOPR0606_frame_000494_gt_ref_labelColor.png,/home/rvl1421/Datasets/ACDC/gt_trainval/gt/snow/train/GOPR0606/GOPR0606_frame_000494_gt_labelTrainIds.png,snow,2,0.0,0.0,/home/rvl1421/Datasets/ACDC/gt_trainval/gt/snow/train/GOPR0606/GOPR0606_frame_000494_gt_invIds.png
/home/rvl1421/Datasets/ACDC/rgb_anon/snow/train/GOPR0606/GOPR0606_frame_000508_rgb_anon.png,/home/rvl1421/Datasets/ACDC/gt_trainval_ref/gt/snow/train_ref/GOPR0606/GOPR0606_frame_000508_gt_ref_labelColor.png,/home/rvl1421/Datasets/ACDC/gt_trainval/gt/snow/train/GOPR0606/GOPR0606_frame_000508_gt_labelTrainIds.png,snow,2,0.0,0.0,/home/rvl1421/Datasets/ACDC/gt_trainval/gt/snow/train/GOPR0606/GOPR0606_frame_000508_gt_invIds.png
/home/rvl1421/Datasets/ACDC/rgb_anon/snow/train/GOPR0606/GOPR0606_frame_000520_rgb_anon.png,/home/rvl1421/Datasets/ACDC/gt_trainval_ref/gt/snow/train_ref/GOPR0606/GOPR0606_frame_000520_gt_ref_labelColor.png,/home/rvl1421/Datasets/ACDC/gt_trainval/gt/snow/train/GOPR0606/GOPR0606_frame_000520_gt_labelTrainIds.png,snow,2,0.0,0.0,/home/rvl1421/Datasets/ACDC/gt_trainval/gt/snow/train/GOPR0606/GOPR0606_frame_000520_gt_invIds.png
/home/rvl1421/Datasets/ACDC/rgb_anon/snow/train/GOPR0606/GOPR0606_frame_000530_rgb_anon.png,/home/rvl1421/Datasets/ACDC/gt_trainval_ref/gt/snow/train_ref/GOPR0606/GOPR0606_frame_000530_gt_ref_labelColor.png,/home/rvl1421/Datasets/ACDC/gt_trainval/gt/snow/train/GOPR0606/GOPR0606_frame_000530_gt_labelTrainIds.png,snow,2,0.0,0.0,/home/rvl1421/Datasets/ACDC/gt_trainval/gt/snow/train/GOPR0606/GOPR0606_frame_000530_gt_invIds.png
/home/rvl1421/Datasets/ACDC/rgb_anon/snow/train/GOPR0606/GOPR0606_frame_000545_rgb_anon.png,/home/rvl1421/Datasets/ACDC/gt_trainval_ref/gt/snow/train_ref/GOPR0606/GOPR0606_frame_000545_gt_ref_labelColor.png,/home/rvl1421/Datasets/ACDC/gt_trainval/gt/snow/train/GOPR0606/GOPR0606_frame_000545_gt_labelTrainIds.png,snow,2,0.0,0.0,/home/rvl1421/Datasets/ACDC/gt_trainval/gt/snow/train/GOPR0606/GOPR0606_frame_000545_gt_invIds.png
/home/rvl1421/Datasets/ACDC/rgb_anon/snow/train/GOPR0606/GOPR0606_frame_000555_rgb_anon.png,/home/rvl1421/Datasets/ACDC/gt_trainval_ref/gt/snow/train_ref/GOPR0606/GOPR0606_frame_000555_gt_ref_labelColor.png,/home/rvl1421/Datasets/ACDC/gt_trainval/gt/snow/train/GOPR0606/GOPR0606_frame_000555_gt_labelTrainIds.png,snow,2,0.0,0.0,/home/rvl1421/Datasets/ACDC/gt_trainval/gt/snow/train/GOPR0606/GOPR0606_frame_000555_gt_invIds.png
/home/rvl1421/Datasets/ACDC/rgb_anon/snow/train/GOPR0606/GOPR0606_frame_000593_rgb_anon.png,/home/rvl1421/Datasets/ACDC/gt_trainval_ref/gt/snow/train_ref/GOPR0606/GOPR0606_frame_000593_gt_ref_labelColor.png,/home/rvl1421/Datasets/ACDC/gt_trainval/gt/snow/train/GOPR0606/GOPR0606_frame_000593_gt_labelTrainIds.png,snow,2,0.0,0.0,/home/rvl1421/Datasets/ACDC/gt_trainval/gt/snow/train/GOPR0606/GOPR0606_frame_000593_gt_invIds.png
/home/rvl1421/Datasets/ACDC/rgb_anon/snow/train/GOPR0606/GOPR0606_frame_000618_rgb_anon.png,/home/rvl1421/Datasets/ACDC/gt_trainval_ref/gt/snow/train_ref/GOPR0606/GOPR0606_frame_000618_gt_ref_labelColor.png,/home/rvl1421/Datasets/ACDC/gt_trainval/gt/snow/train/GOPR0606/GOPR0606_frame_000618_gt_labelTrainIds.png,snow,2,0.0,0.0,/home/rvl1421/Datasets/ACDC/gt_trainval/gt/snow/train/GOPR0606/GOPR0606_frame_000618_gt_invIds.png
/home/rvl1421/Datasets/ACDC/rgb_anon/snow/train/GOPR0606/GOPR0606_frame_000661_rgb_anon.png,/home/rvl1421/Datasets/ACDC/gt_trainval_ref/gt/snow/train_ref/GOPR0606/GOPR0606_frame_000661_gt_ref_labelColor.png,/home/rvl1421/Datasets/ACDC/gt_trainval/gt/snow/train/GOPR0606/GOPR0606_frame_000661_gt_labelTrainIds.png,snow,2,0.0,0.0,/home/rvl1421/Datasets/ACDC/gt_trainval/gt/snow/train/GOPR0606/GOPR0606_frame_000661_gt_invIds.png
/home/rvl1421/Datasets/ACDC/rgb_anon/snow/train/GOPR0606/GOPR0606_frame_000677_rgb_anon.png,/home/rvl1421/Datasets/ACDC/gt_trainval_ref/gt/snow/train_ref/GOPR0606/GOPR0606_frame_000677_gt_ref_labelColor.png,/home/rvl1421/Datasets/ACDC/gt_trainval/gt/snow/train/GOPR0606/GOPR0606_frame_000677_gt_labelTrainIds.png,snow,2,0.0,0.0,/home/rvl1421/Datasets/ACDC/gt_trainval/gt/snow/train/GOPR0606/GOPR0606_frame_000677_gt_invIds.png
/home/rvl1421/Datasets/ACDC/rgb_anon/snow/train/GOPR0606/GOPR0606_frame_000723_rgb_anon.png,/home/rvl1421/Datasets/ACDC/gt_trainval_ref/gt/snow/train_ref/GOPR0606/GOPR0606_frame_000723_gt_ref_labelColor.png,/home/rvl1421/Datasets/ACDC/gt_trainval/gt/snow/train/GOPR0606/GOPR0606_frame_000723_gt_labelTrainIds.png,snow,2,0.0,0.0,/home/rvl1421/Datasets/ACDC/gt_trainval/gt/snow/train/GOPR0606/GOPR0606_frame_000723_gt_invIds.png
/home/rvl1421/Datasets/ACDC/rgb_anon/snow/train/GOPR0606/GOPR0606_frame_000750_rgb_anon.png,/home/rvl1421/Datasets/ACDC/gt_trainval_ref/gt/snow/train_ref/GOPR0606/GOPR0606_frame_000750_gt_ref_labelColor.png,/home/rvl1421/Datasets/ACDC/gt_trainval/gt/snow/train/GOPR0606/GOPR0606_frame_000750_gt_labelTrainIds.png,snow,2,0.0,0.0,/home/rvl1421/Datasets/ACDC/gt_trainval/gt/snow/train/GOPR0606/GOPR0606_frame_000750_gt_invIds.png
/home/rvl1421/Datasets/ACDC/rgb_anon/snow/train/GOPR0606/GOPR0606_frame_000799_rgb_anon.png,/home/rvl1421/Datasets/ACDC/gt_trainval_ref/gt/snow/train_ref/GOPR0606/GOPR0606_frame_000799_gt_ref_labelColor.png,/home/rvl1421/Datasets/ACDC/gt_trainval/gt/snow/train/GOPR0606/GOPR0606_frame_000799_gt_labelTrainIds.png,snow,2,0.0,0.0,/home/rvl1421/Datasets/ACDC/gt_trainval/gt/snow/train/GOPR0606/GOPR0606_frame_000799_gt_invIds.png
/home/rvl1421/Datasets/ACDC/rgb_anon/snow/train/GOPR0606/GOPR0606_frame_000809_rgb_anon.png,/home/rvl1421/Datasets/ACDC/gt_trainval_ref/gt/snow/train_ref/GOPR0606/GOPR0606_frame_000809_gt_ref_labelColor.png,/home/rvl1421/Datasets/ACDC/gt_trainval/gt/snow/train/GOPR0606/GOPR0606_frame_000809_gt_labelTrainIds.png,snow,2,0.0,0.0,/home/rvl1421/Datasets/ACDC/gt_trainval/gt/snow/train/GOPR0606/GOPR0606_frame_000809_gt_invIds.png
/home/rvl1421/Datasets/ACDC/rgb_anon/snow/train/GOPR0606/GOPR0606_frame_000822_rgb_anon.png,/home/rvl1421/Datasets/ACDC/gt_trainval_ref/gt/snow/train_ref/GOPR0606/GOPR0606_frame_000822_gt_ref_labelColor.png,/home/rvl1421/Datasets/ACDC/gt_trainval/gt/snow/train/GOPR0606/GOPR0606_frame_000822_gt_labelTrainIds.png,snow,2,0.0,0.0,/home/rvl1421/Datasets/ACDC/gt_trainval/gt/snow/train/GOPR0606/GOPR0606_frame_000822_gt_invIds.png
/home/rvl1421/Datasets/ACDC/rgb_anon/snow/train/GOPR0606/GOPR0606_frame_000845_rgb_anon.png,/home/rvl1421/Datasets/ACDC/gt_trainval_ref/gt/snow/train_ref/GOPR0606/GOPR0606_frame_000845_gt_ref_labelColor.png,/home/rvl1421/Datasets/ACDC/gt_trainval/gt/snow/train/GOPR0606/GOPR0606_frame_000845_gt_labelTrainIds.png,snow,2,0.0,0.0,/home/rvl1421/Datasets/ACDC/gt_trainval/gt/snow/train/GOPR0606/GOPR0606_frame_000845_gt_invIds.png
/home/rvl1421/Datasets/ACDC/rgb_anon/snow/train/GOPR0606/GOPR0606_frame_000885_rgb_anon.png,/home/rvl1421/Datasets/ACDC/gt_trainval_ref/gt/snow/train_ref/GOPR0606/GOPR0606_frame_000885_gt_ref_labelColor.png,/home/rvl1421/Datasets/ACDC/gt_trainval/gt/snow/train/GOPR0606/GOPR0606_frame_000885_gt_labelTrainIds.png,snow,2,0.0,0.0,/home/rvl1421/Datasets/ACDC/gt_trainval/gt/snow/train/GOPR0606/GOPR0606_frame_000885_gt_invIds.png
/home/rvl1421/Datasets/ACDC/rgb_anon/snow/train/GOPR0606/GOPR0606_frame_000899_rgb_anon.png,/home/rvl1421/Datasets/ACDC/gt_trainval_ref/gt/snow/train_ref/GOPR0606/GOPR0606_frame_000899_gt_ref_labelColor.png,/home/rvl1421/Datasets/ACDC/gt_trainval/gt/snow/train/GOPR0606/GOPR0606_frame_000899_gt_labelTrainIds.png,snow,2,0.0,0.0,/home/rvl1421/Datasets/ACDC/gt_trainval/gt/snow/train/GOPR0606/GOPR0606_frame_000899_gt_invIds.png
/home/rvl1421/Datasets/ACDC/rgb_anon/snow/train/GOPR0606/GOPR0606_frame_000919_rgb_anon.png,/home/rvl1421/Datasets/ACDC/gt_trainval_ref/gt/snow/train_ref/GOPR0606/GOPR0606_frame_000919_gt_ref_labelColor.png,/home/rvl1421/Datasets/ACDC/gt_trainval/gt/snow/train/GOPR0606/GOPR0606_frame_000919_gt_labelTrainIds.png,snow,2,0.0,0.0,/home/rvl1421/Datasets/ACDC/gt_trainval/gt/snow/train/GOPR0606/GOPR0606_frame_000919_gt_invIds.png
/home/rvl1421/Datasets/ACDC/rgb_anon/snow/train/GOPR0606/GOPR0606_frame_000934_rgb_anon.png,/home/rvl1421/Datasets/ACDC/gt_trainval_ref/gt/snow/train_ref/GOPR0606/GOPR0606_frame_000934_gt_ref_labelColor.png,/home/rvl1421/Datasets/ACDC/gt_trainval/gt/snow/train/GOPR0606/GOPR0606_frame_000934_gt_labelTrainIds.png,snow,2,0.0,0.0,/home/rvl1421/Datasets/ACDC/gt_trainval/gt/snow/train/GOPR0606/GOPR0606_frame_000934_gt_invIds.png
/home/rvl1421/Datasets/ACDC/rgb_anon/snow/train/GOPR0606/GOPR0606_frame_000965_rgb_anon.png,/home/rvl1421/Datasets/ACDC/gt_trainval_ref/gt/snow/train_ref/GOPR0606/GOPR0606_frame_000965_gt_ref_labelColor.png,/home/rvl1421/Datasets/ACDC/gt_trainval/gt/snow/train/GOPR0606/GOPR0606_frame_000965_gt_labelTrainIds.png,snow,2,0.0,0.0,/home/rvl1421/Datasets/ACDC/gt_trainval/gt/snow/train/GOPR0606/GOPR0606_frame_000965_gt_invIds.png
/home/rvl1421/Datasets/ACDC/rgb_anon/snow/train/GOPR0606/GOPR0606_frame_000994_rgb_anon.png,/home/rvl1421/Datasets/ACDC/gt_trainval_ref/gt/snow/train_ref/GOPR0606/GOPR0606_frame_000994_gt_ref_labelColor.png,/home/rvl1421/Datasets/ACDC/gt_trainval/gt/snow/train/GOPR0606/GOPR0606_frame_000994_gt_labelTrainIds.png,snow,2,0.0,0.0,/home/rvl1421/Datasets/ACDC/gt_trainval/gt/snow/train/GOPR0606/GOPR0606_frame_000994_gt_invIds.png
/home/rvl1421/Datasets/ACDC/rgb_anon/snow/train/GOPR0606/GOPR0606_frame_001009_rgb_anon.png,/home/rvl1421/Datasets/ACDC/gt_trainval_ref/gt/snow/train_ref/GOPR0606/GOPR0606_frame_001009_gt_ref_labelColor.png,/home/rvl1421/Datasets/ACDC/gt_trainval/gt/snow/train/GOPR0606/GOPR0606_frame_001009_gt_labelTrainIds.png,snow,2,0.0,0.0,/home/rvl1421/Datasets/ACDC/gt_trainval/gt/snow/train/GOPR0606/GOPR0606_frame_001009_gt_invIds.png
/home/rvl1421/Datasets/ACDC/rgb_anon/snow/train/GOPR0606/GOPR0606_frame_001024_rgb_anon.png,/home/rvl1421/Datasets/ACDC/gt_trainval_ref/gt/snow/train_ref/GOPR0606/GOPR0606_frame_001024_gt_ref_labelColor.png,/home/rvl1421/Datasets/ACDC/gt_trainval/gt/snow/train/GOPR0606/GOPR0606_frame_001024_gt_labelTrainIds.png,snow,2,0.0,0.0,/home/rvl1421/Datasets/ACDC/gt_trainval/gt/snow/train/GOPR0606/GOPR0606_frame_001024_gt_invIds.png
/home/rvl1421/Datasets/ACDC/rgb_anon/snow/train/GOPR0606/GOPR0606_frame_001040_rgb_anon.png,/home/rvl1421/Datasets/ACDC/gt_trainval_ref/gt/snow/train_ref/GOPR0606/GOPR0606_frame_001040_gt_ref_labelColor.png,/home/rvl1421/Datasets/ACDC/gt_trainval/gt/snow/train/GOPR0606/GOPR0606_frame_001040_gt_labelTrainIds.png,snow,2,0.0,0.0,/home/rvl1421/Datasets/ACDC/gt_trainval/gt/snow/train/GOPR0606/GOPR0606_frame_001040_gt_invIds.png
/home/rvl1421/Datasets/ACDC/rgb_anon/snow/train/GOPR0607/GOPR0607_frame_000058_rgb_anon.png,/home/rvl1421/Datasets/ACDC/gt_trainval_ref/gt/snow/train_ref/GOPR0607/GOPR0607_frame_000058_gt_ref_labelColor.png,/home/rvl1421/Datasets/ACDC/gt_trainval/gt/snow/train/GOPR0607/GOPR0607_frame_000058_gt_labelTrainIds.png,snow,2,0.0,0.0,/home/rvl1421/Datasets/ACDC/gt_trainval/gt/snow/train/GOPR0607/GOPR0607_frame_000058_gt_invIds.png
/home/rvl1421/Datasets/ACDC/rgb_anon/snow/train/GOPR0607/GOPR0607_frame_000098_rgb_anon.png,/home/rvl1421/Datasets/ACDC/gt_trainval_ref/gt/snow/train_ref/GOPR0607/GOPR0607_frame_000098_gt_ref_labelColor.png,/home/rvl1421/Datasets/ACDC/gt_trainval/gt/snow/train/GOPR0607/GOPR0607_frame_000098_gt_labelTrainIds.png,snow,2,0.0,0.0,/home/rvl1421/Datasets/ACDC/gt_trainval/gt/snow/train/GOPR0607/GOPR0607_frame_000098_gt_invIds.png
/home/rvl1421/Datasets/ACDC/rgb_anon/snow/train/GOPR0607/GOPR0607_frame_000130_rgb_anon.png,/home/rvl1421/Datasets/ACDC/gt_trainval_ref/gt/snow/train_ref/GOPR0607/GOPR0607_frame_000130_gt_ref_labelColor.png,/home/rvl1421/Datasets/ACDC/gt_trainval/gt/snow/train/GOPR0607/GOPR0607_frame_000130_gt_labelTrainIds.png,snow,2,0.0,0.0,/home/rvl1421/Datasets/ACDC/gt_trainval/gt/snow/train/GOPR0607/GOPR0607_frame_000130_gt_invIds.png
/home/rvl1421/Datasets/ACDC/rgb_anon/snow/train/GOPR0607/GOPR0607_frame_000159_rgb_anon.png,/home/rvl1421/Datasets/ACDC/gt_trainval_ref/gt/snow/train_ref/GOPR0607/GOPR0607_frame_000159_gt_ref_labelColor.png,/home/rvl1421/Datasets/ACDC/gt_trainval/gt/snow/train/GOPR0607/GOPR0607_frame_000159_gt_labelTrainIds.png,snow,2,0.0,0.0,/home/rvl1421/Datasets/ACDC/gt_trainval/gt/snow/train/GOPR0607/GOPR0607_frame_000159_gt_invIds.png
/home/rvl1421/Datasets/ACDC/rgb_anon/snow/train/GOPR0607/GOPR0607_frame_000172_rgb_anon.png,/home/rvl1421/Datasets/ACDC/gt_trainval_ref/gt/snow/train_ref/GOPR0607/GOPR0607_frame_000172_gt_ref_labelColor.png,/home/rvl1421/Datasets/ACDC/gt_trainval/gt/snow/train/GOPR0607/GOPR0607_frame_000172_gt_labelTrainIds.png,snow,2,0.0,0.0,/home/rvl1421/Datasets/ACDC/gt_trainval/gt/snow/train/GOPR0607/GOPR0607_frame_000172_gt_invIds.png
/home/rvl1421/Datasets/ACDC/rgb_anon/snow/train/GOPR0607/GOPR0607_frame_000181_rgb_anon.png,/home/rvl1421/Datasets/ACDC/gt_trainval_ref/gt/snow/train_ref/GOPR0607/GOPR0607_frame_000181_gt_ref_labelColor.png,/home/rvl1421/Datasets/ACDC/gt_trainval/gt/snow/train/GOPR0607/GOPR0607_frame_000181_gt_labelTrainIds.png,snow,2,0.0,0.0,/home/rvl1421/Datasets/ACDC/gt_trainval/gt/snow/train/GOPR0607/GOPR0607_frame_000181_gt_invIds.png
/home/rvl1421/Datasets/ACDC/rgb_anon/snow/train/GOPR0607/GOPR0607_frame_000190_rgb_anon.png,/home/rvl1421/Datasets/ACDC/gt_trainval_ref/gt/snow/train_ref/GOPR0607/GOPR0607_frame_000190_gt_ref_labelColor.png,/home/rvl1421/Datasets/ACDC/gt_trainval/gt/snow/train/GOPR0607/GOPR0607_frame_000190_gt_labelTrainIds.png,snow,2,0.0,0.0,/home/rvl1421/Datasets/ACDC/gt_trainval/gt/snow/train/GOPR0607/GOPR0607_frame_000190_gt_invIds.png
/home/rvl1421/Datasets/ACDC/rgb_anon/snow/train/GOPR0607/GOPR0607_frame_000207_rgb_anon.png,/home/rvl1421/Datasets/ACDC/gt_trainval_ref/gt/snow/train_ref/GOPR0607/GOPR0607_frame_000207_gt_ref_labelColor.png,/home/rvl1421/Datasets/ACDC/gt_trainval/gt/snow/train/GOPR0607/GOPR0607_frame_000207_gt_labelTrainIds.png,snow,2,0.0,0.0,/home/rvl1421/Datasets/ACDC/gt_trainval/gt/snow/train/GOPR0607/GOPR0607_frame_000207_gt_invIds.png
/home/rvl1421/Datasets/ACDC/rgb_anon/snow/train/GOPR0607/GOPR0607_frame_000226_rgb_anon.png,/home/rvl1421/Datasets/ACDC/gt_trainval_ref/gt/snow/train_ref/GOPR0607/GOPR0607_frame_000226_gt_ref_labelColor.png,/home/rvl1421/Datasets/ACDC/gt_trainval/gt/snow/train/GOPR0607/GOPR0607_frame_000226_gt_labelTrainIds.png,snow,2,0.0,0.0,/home/rvl1421/Datasets/ACDC/gt_trainval/gt/snow/train/GOPR0607/GOPR0607_frame_000226_gt_invIds.png
/home/rvl1421/Datasets/ACDC/rgb_anon/snow/train/GOPR0607/GOPR0607_frame_000266_rgb_anon.png,/home/rvl1421/Datasets/ACDC/gt_trainval_ref/gt/snow/train_ref/GOPR0607/GOPR0607_frame_000266_gt_ref_labelColor.png,/home/rvl1421/Datasets/ACDC/gt_trainval/gt/snow/train/GOPR0607/GOPR0607_frame_000266_gt_labelTrainIds.png,snow,2,0.0,0.0,/home/rvl1421/Datasets/ACDC/gt_trainval/gt/snow/train/GOPR0607/GOPR0607_frame_000266_gt_invIds.png
/home/rvl1421/Datasets/ACDC/rgb_anon/snow/train/GOPR0607/GOPR0607_frame_000295_rgb_anon.png,/home/rvl1421/Datasets/ACDC/gt_trainval_ref/gt/snow/train_ref/GOPR0607/GOPR0607_frame_000295_gt_ref_labelColor.png,/home/rvl1421/Datasets/ACDC/gt_trainval/gt/snow/train/GOPR0607/GOPR0607_frame_000295_gt_labelTrainIds.png,snow,2,0.0,0.0,/home/rvl1421/Datasets/ACDC/gt_trainval/gt/snow/train/GOPR0607/GOPR0607_frame_000295_gt_invIds.png
/home/rvl1421/Datasets/ACDC/rgb_anon/snow/train/GOPR0607/GOPR0607_frame_000527_rgb_anon.png,/home/rvl1421/Datasets/ACDC/gt_trainval_ref/gt/snow/train_ref/GOPR0607/GOPR0607_frame_000527_gt_ref_labelColor.png,/home/rvl1421/Datasets/ACDC/gt_trainval/gt/snow/train/GOPR0607/GOPR0607_frame_000527_gt_labelTrainIds.png,snow,2,0.0,0.0,/home/rvl1421/Datasets/ACDC/gt_trainval/gt/snow/train/GOPR0607/GOPR0607_frame_000527_gt_invIds.png
/home/rvl1421/Datasets/ACDC/rgb_anon/snow/train/GOPR0607/GOPR0607_frame_000558_rgb_anon.png,/home/rvl1421/Datasets/ACDC/gt_trainval_ref/gt/snow/train_ref/GOPR0607/GOPR0607_frame_000558_gt_ref_labelColor.png,/home/rvl1421/Datasets/ACDC/gt_trainval/gt/snow/train/GOPR0607/GOPR0607_frame_000558_gt_labelTrainIds.png,snow,2,0.0,0.0,/home/rvl1421/Datasets/ACDC/gt_trainval/gt/snow/train/GOPR0607/GOPR0607_frame_000558_gt_invIds.png
/home/rvl1421/Datasets/ACDC/rgb_anon/snow/train/GOPR0607/GOPR0607_frame_000580_rgb_anon.png,/home/rvl1421/Datasets/ACDC/gt_trainval_ref/gt/snow/train_ref/GOPR0607/GOPR0607_frame_000580_gt_ref_labelColor.png,/home/rvl1421/Datasets/ACDC/gt_trainval/gt/snow/train/GOPR0607/GOPR0607_frame_000580_gt_labelTrainIds.png,snow,2,0.0,0.0,/home/rvl1421/Datasets/ACDC/gt_trainval/gt/snow/train/GOPR0607/GOPR0607_frame_000580_gt_invIds.png
/home/rvl1421/Datasets/ACDC/rgb_anon/snow/train/GOPR0607/GOPR0607_frame_000620_rgb_anon.png,/home/rvl1421/Datasets/ACDC/gt_trainval_ref/gt/snow/train_ref/GOPR0607/GOPR0607_frame_000620_gt_ref_labelColor.png,/home/rvl1421/Datasets/ACDC/gt_trainval/gt/snow/train/GOPR0607/GOPR0607_frame_000620_gt_labelTrainIds.png,snow,2,0.0,0.0,/home/rvl1421/Datasets/ACDC/gt_trainval/gt/snow/train/GOPR0607/GOPR0607_frame_000620_gt_invIds.png
/home/rvl1421/Datasets/ACDC/rgb_anon/snow/train/GOPR0607/GOPR0607_frame_000660_rgb_anon.png,/home/rvl1421/Datasets/ACDC/gt_trainval_ref/gt/snow/train_ref/GOPR0607/GOPR0607_frame_000660_gt_ref_labelColor.png,/home/rvl1421/Datasets/ACDC/gt_trainval/gt/snow/train/GOPR0607/GOPR0607_frame_000660_gt_labelTrainIds.png,snow,2,0.0,0.0,/home/rvl1421/Datasets/ACDC/gt_trainval/gt/snow/train/GOPR0607/GOPR0607_frame_000660_gt_invIds.png
/home/rvl1421/Datasets/ACDC/rgb_anon/snow/train/GOPR0607/GOPR0607_frame_000671_rgb_anon.png,/home/rvl1421/Datasets/ACDC/gt_trainval_ref/gt/snow/train_ref/GOPR0607/GOPR0607_frame_000671_gt_ref_labelColor.png,/home/rvl1421/Datasets/ACDC/gt_trainval/gt/snow/train/GOPR0607/GOPR0607_frame_000671_gt_labelTrainIds.png,snow,2,0.0,0.0,/home/rvl1421/Datasets/ACDC/gt_trainval/gt/snow/train/GOPR0607/GOPR0607_frame_000671_gt_invIds.png
/home/rvl1421/Datasets/ACDC/rgb_anon/snow/train/GOPR0607/GOPR0607_frame_000699_rgb_anon.png,/home/rvl1421/Datasets/ACDC/gt_trainval_ref/gt/snow/train_ref/GOPR0607/GOPR0607_frame_000699_gt_ref_labelColor.png,/home/rvl1421/Datasets/ACDC/gt_trainval/gt/snow/train/GOPR0607/GOPR0607_frame_000699_gt_labelTrainIds.png,snow,2,0.0,0.0,/home/rvl1421/Datasets/ACDC/gt_trainval/gt/snow/train/GOPR0607/GOPR0607_frame_000699_gt_invIds.png
/home/rvl1421/Datasets/ACDC/rgb_anon/snow/train/GOPR0607/GOPR0607_frame_000723_rgb_anon.png,/home/rvl1421/Datasets/ACDC/gt_trainval_ref/gt/snow/train_ref/GOPR0607/GOPR0607_frame_000723_gt_ref_labelColor.png,/home/rvl1421/Datasets/ACDC/gt_trainval/gt/snow/train/GOPR0607/GOPR0607_frame_000723_gt_labelTrainIds.png,snow,2,0.0,0.0,/home/rvl1421/Datasets/ACDC/gt_trainval/gt/snow/train/GOPR0607/GOPR0607_frame_000723_gt_invIds.png
/home/rvl1421/Datasets/ACDC/rgb_anon/snow/train/GOPR0607/GOPR0607_frame_000734_rgb_anon.png,/home/rvl1421/Datasets/ACDC/gt_trainval_ref/gt/snow/train_ref/GOPR0607/GOPR0607_frame_000734_gt_ref_labelColor.png,/home/rvl1421/Datasets/ACDC/gt_trainval/gt/snow/train/GOPR0607/GOPR0607_frame_000734_gt_labelTrainIds.png,snow,2,0.0,0.0,/home/rvl1421/Datasets/ACDC/gt_trainval/gt/snow/train/GOPR0607/GOPR0607_frame_000734_gt_invIds.png
/home/rvl1421/Datasets/ACDC/rgb_anon/snow/train/GOPR0607/GOPR0607_frame_000755_rgb_anon.png,/home/rvl1421/Datasets/ACDC/gt_trainval_ref/gt/snow/train_ref/GOPR0607/GOPR0607_frame_000755_gt_ref_labelColor.png,/home/rvl1421/Datasets/ACDC/gt_trainval/gt/snow/train/GOPR0607/GOPR0607_frame_000755_gt_labelTrainIds.png,snow,2,0.0,0.0,/home/rvl1421/Datasets/ACDC/gt_trainval/gt/snow/train/GOPR0607/GOPR0607_frame_000755_gt_invIds.png
/home/rvl1421/Datasets/ACDC/rgb_anon/snow/train/GOPR0607/GOPR0607_frame_000766_rgb_anon.png,/home/rvl1421/Datasets/ACDC/gt_trainval_ref/gt/snow/train_ref/GOPR0607/GOPR0607_frame_000766_gt_ref_labelColor.png,/home/rvl1421/Datasets/ACDC/gt_trainval/gt/snow/train/GOPR0607/GOPR0607_frame_000766_gt_labelTrainIds.png,snow,2,0.0,0.0,/home/rvl1421/Datasets/ACDC/gt_trainval/gt/snow/train/GOPR0607/GOPR0607_frame_000766_gt_invIds.png
/home/rvl1421/Datasets/ACDC/rgb_anon/snow/train/GOPR0607/GOPR0607_frame_000776_rgb_anon.png,/home/rvl1421/Datasets/ACDC/gt_trainval_ref/gt/snow/train_ref/GOPR0607/GOPR0607_frame_000776_gt_ref_labelColor.png,/home/rvl1421/Datasets/ACDC/gt_trainval/gt/snow/train/GOPR0607/GOPR0607_frame_000776_gt_labelTrainIds.png,snow,2,0.0,0.0,/home/rvl1421/Datasets/ACDC/gt_trainval/gt/snow/train/GOPR0607/GOPR0607_frame_000776_gt_invIds.png
/home/rvl1421/Datasets/ACDC/rgb_anon/snow/train/GOPR0607/GOPR0607_frame_000812_rgb_anon.png,/home/rvl1421/Datasets/ACDC/gt_trainval_ref/gt/snow/train_ref/GOPR0607/GOPR0607_frame_000812_gt_ref_labelColor.png,/home/rvl1421/Datasets/ACDC/gt_trainval/gt/snow/train/GOPR0607/GOPR0607_frame_000812_gt_labelTrainIds.png,snow,2,0.0,0.0,/home/rvl1421/Datasets/ACDC/gt_trainval/gt/snow/train/GOPR0607/GOPR0607_frame_000812_gt_invIds.png
/home/rvl1421/Datasets/ACDC/rgb_anon/snow/train/GOPR0607/GOPR0607_frame_000824_rgb_anon.png,/home/rvl1421/Datasets/ACDC/gt_trainval_ref/gt/snow/train_ref/GOPR0607/GOPR0607_frame_000824_gt_ref_labelColor.png,/home/rvl1421/Datasets/ACDC/gt_trainval/gt/snow/train/GOPR0607/GOPR0607_frame_000824_gt_labelTrainIds.png,snow,2,0.0,0.0,/home/rvl1421/Datasets/ACDC/gt_trainval/gt/snow/train/GOPR0607/GOPR0607_frame_000824_gt_invIds.png
/home/rvl1421/Datasets/ACDC/rgb_anon/snow/train/GOPR0607/GOPR0607_frame_000844_rgb_anon.png,/home/rvl1421/Datasets/ACDC/gt_trainval_ref/gt/snow/train_ref/GOPR0607/GOPR0607_frame_000844_gt_ref_labelColor.png,/home/rvl1421/Datasets/ACDC/gt_trainval/gt/snow/train/GOPR0607/GOPR0607_frame_000844_gt_labelTrainIds.png,snow,2,0.0,0.0,/home/rvl1421/Datasets/ACDC/gt_trainval/gt/snow/train/GOPR0607/GOPR0607_frame_000844_gt_invIds.png
/home/rvl1421/Datasets/ACDC/rgb_anon/snow/train/GOPR0607/GOPR0607_frame_000873_rgb_anon.png,/home/rvl1421/Datasets/ACDC/gt_trainval_ref/gt/snow/train_ref/GOPR0607/GOPR0607_frame_000873_gt_ref_labelColor.png,/home/rvl1421/Datasets/ACDC/gt_trainval/gt/snow/train/GOPR0607/GOPR0607_frame_000873_gt_labelTrainIds.png,snow,2,0.0,0.0,/home/rvl1421/Datasets/ACDC/gt_trainval/gt/snow/train/GOPR0607/GOPR0607_frame_000873_gt_invIds.png
/home/rvl1421/Datasets/ACDC/rgb_anon/snow/train/GOPR0607/GOPR0607_frame_000887_rgb_anon.png,/home/rvl1421/Datasets/ACDC/gt_trainval_ref/gt/snow/train_ref/GOPR0607/GOPR0607_frame_000887_gt_ref_labelColor.png,/home/rvl1421/Datasets/ACDC/gt_trainval/gt/snow/train/GOPR0607/GOPR0607_frame_000887_gt_labelTrainIds.png,snow,2,0.0,0.0,/home/rvl1421/Datasets/ACDC/gt_trainval/gt/snow/train/GOPR0607/GOPR0607_frame_000887_gt_invIds.png
/home/rvl1421/Datasets/ACDC/rgb_anon/snow/train/GOPR0607/GOPR0607_frame_000920_rgb_anon.png,/home/rvl1421/Datasets/ACDC/gt_trainval_ref/gt/snow/train_ref/GOPR0607/GOPR0607_frame_000920_gt_ref_labelColor.png,/home/rvl1421/Datasets/ACDC/gt_trainval/gt/snow/train/GOPR0607/GOPR0607_frame_000920_gt_labelTrainIds.png,snow,2,0.0,0.0,/home/rvl1421/Datasets/ACDC/gt_trainval/gt/snow/train/GOPR0607/GOPR0607_frame_000920_gt_invIds.png
/home/rvl1421/Datasets/ACDC/rgb_anon/snow/train/GOPR0607/GOPR0607_frame_000988_rgb_anon.png,/home/rvl1421/Datasets/ACDC/gt_trainval_ref/gt/snow/train_ref/GOPR0607/GOPR0607_frame_000988_gt_ref_labelColor.png,/home/rvl1421/Datasets/ACDC/gt_trainval/gt/snow/train/GOPR0607/GOPR0607_frame_000988_gt_labelTrainIds.png,snow,2,0.0,0.0,/home/rvl1421/Datasets/ACDC/gt_trainval/gt/snow/train/GOPR0607/GOPR0607_frame_000988_gt_invIds.png
/home/rvl1421/Datasets/ACDC/rgb_anon/snow/train/GOPR0607/GOPR0607_frame_001007_rgb_anon.png,/home/rvl1421/Datasets/ACDC/gt_trainval_ref/gt/snow/train_ref/GOPR0607/GOPR0607_frame_001007_gt_ref_labelColor.png,/home/rvl1421/Datasets/ACDC/gt_trainval/gt/snow/train/GOPR0607/GOPR0607_frame_001007_gt_labelTrainIds.png,snow,2,0.0,0.0,/home/rvl1421/Datasets/ACDC/gt_trainval/gt/snow/train/GOPR0607/GOPR0607_frame_001007_gt_invIds.png
/home/rvl1421/Datasets/ACDC/rgb_anon/snow/train/GP010122/GP010122_frame_000387_rgb_anon.png,/home/rvl1421/Datasets/ACDC/gt_trainval_ref/gt/snow/train_ref/GP010122/GP010122_frame_000387_gt_ref_labelColor.png,/home/rvl1421/Datasets/ACDC/gt_trainval/gt/snow/train/GP010122/GP010122_frame_000387_gt_labelTrainIds.png,snow,2,0.0,0.0,/home/rvl1421/Datasets/ACDC/gt_trainval/gt/snow/train/GP010122/GP010122_frame_000387_gt_invIds.png
/home/rvl1421/Datasets/ACDC/rgb_anon/snow/train/GP010122/GP010122_frame_000399_rgb_anon.png,/home/rvl1421/Datasets/ACDC/gt_trainval_ref/gt/snow/train_ref/GP010122/GP010122_frame_000399_gt_ref_labelColor.png,/home/rvl1421/Datasets/ACDC/gt_trainval/gt/snow/train/GP010122/GP010122_frame_000399_gt_labelTrainIds.png,snow,2,0.0,0.0,/home/rvl1421/Datasets/ACDC/gt_trainval/gt/snow/train/GP010122/GP010122_frame_000399_gt_invIds.png
/home/rvl1421/Datasets/ACDC/rgb_anon/snow/train/GP010122/GP010122_frame_000411_rgb_anon.png,/home/rvl1421/Datasets/ACDC/gt_trainval_ref/gt/snow/train_ref/GP010122/GP010122_frame_000411_gt_ref_labelColor.png,/home/rvl1421/Datasets/ACDC/gt_trainval/gt/snow/train/GP010122/GP010122_frame_000411_gt_labelTrainIds.png,snow,2,0.0,0.0,/home/rvl1421/Datasets/ACDC/gt_trainval/gt/snow/train/GP010122/GP010122_frame_000411_gt_invIds.png
/home/rvl1421/Datasets/ACDC/rgb_anon/snow/train/GP010122/GP010122_frame_000421_rgb_anon.png,/home/rvl1421/Datasets/ACDC/gt_trainval_ref/gt/snow/train_ref/GP010122/GP010122_frame_000421_gt_ref_labelColor.png,/home/rvl1421/Datasets/ACDC/gt_trainval/gt/snow/train/GP010122/GP010122_frame_000421_gt_labelTrainIds.png,snow,2,0.0,0.0,/home/rvl1421/Datasets/ACDC/gt_trainval/gt/snow/train/GP010122/GP010122_frame_000421_gt_invIds.png
/home/rvl1421/Datasets/ACDC/rgb_anon/snow/train/GP010122/GP010122_frame_000433_rgb_anon.png,/home/rvl1421/Datasets/ACDC/gt_trainval_ref/gt/snow/train_ref/GP010122/GP010122_frame_000433_gt_ref_labelColor.png,/home/rvl1421/Datasets/ACDC/gt_trainval/gt/snow/train/GP010122/GP010122_frame_000433_gt_labelTrainIds.png,snow,2,0.0,0.0,/home/rvl1421/Datasets/ACDC/gt_trainval/gt/snow/train/GP010122/GP010122_frame_000433_gt_invIds.png
/home/rvl1421/Datasets/ACDC/rgb_anon/snow/train/GP010122/GP010122_frame_000473_rgb_anon.png,/home/rvl1421/Datasets/ACDC/gt_trainval_ref/gt/snow/train_ref/GP010122/GP010122_frame_000473_gt_ref_labelColor.png,/home/rvl1421/Datasets/ACDC/gt_trainval/gt/snow/train/GP010122/GP010122_frame_000473_gt_labelTrainIds.png,snow,2,0.0,0.0,/home/rvl1421/Datasets/ACDC/gt_trainval/gt/snow/train/GP010122/GP010122_frame_000473_gt_invIds.png
/home/rvl1421/Datasets/ACDC/rgb_anon/snow/train/GP010122/GP010122_frame_000890_rgb_anon.png,/home/rvl1421/Datasets/ACDC/gt_trainval_ref/gt/snow/train_ref/GP010122/GP010122_frame_000890_gt_ref_labelColor.png,/home/rvl1421/Datasets/ACDC/gt_trainval/gt/snow/train/GP010122/GP010122_frame_000890_gt_labelTrainIds.png,snow,2,0.0,0.0,/home/rvl1421/Datasets/ACDC/gt_trainval/gt/snow/train/GP010122/GP010122_frame_000890_gt_invIds.png
/home/rvl1421/Datasets/ACDC/rgb_anon/snow/train/GP010122/GP010122_frame_000901_rgb_anon.png,/home/rvl1421/Datasets/ACDC/gt_trainval_ref/gt/snow/train_ref/GP010122/GP010122_frame_000901_gt_ref_labelColor.png,/home/rvl1421/Datasets/ACDC/gt_trainval/gt/snow/train/GP010122/GP010122_frame_000901_gt_labelTrainIds.png,snow,2,0.0,0.0,/home/rvl1421/Datasets/ACDC/gt_trainval/gt/snow/train/GP010122/GP010122_frame_000901_gt_invIds.png
/home/rvl1421/Datasets/ACDC/rgb_anon/snow/train/GP010122/GP010122_frame_000911_rgb_anon.png,/home/rvl1421/Datasets/ACDC/gt_trainval_ref/gt/snow/train_ref/GP010122/GP010122_frame_000911_gt_ref_labelColor.png,/home/rvl1421/Datasets/ACDC/gt_trainval/gt/snow/train/GP010122/GP010122_frame_000911_gt_labelTrainIds.png,snow,2,0.0,0.0,/home/rvl1421/Datasets/ACDC/gt_trainval/gt/snow/train/GP010122/GP010122_frame_000911_gt_invIds.png
/home/rvl1421/Datasets/ACDC/rgb_anon/snow/train/GP010122/GP010122_frame_000922_rgb_anon.png,/home/rvl1421/Datasets/ACDC/gt_trainval_ref/gt/snow/train_ref/GP010122/GP010122_frame_000922_gt_ref_labelColor.png,/home/rvl1421/Datasets/ACDC/gt_trainval/gt/snow/train/GP010122/GP010122_frame_000922_gt_labelTrainIds.png,snow,2,0.0,0.0,/home/rvl1421/Datasets/ACDC/gt_trainval/gt/snow/train/GP010122/GP010122_frame_000922_gt_invIds.png
/home/rvl1421/Datasets/ACDC/rgb_anon/snow/train/GP010122/GP010122_frame_000957_rgb_anon.png,/home/rvl1421/Datasets/ACDC/gt_trainval_ref/gt/snow/train_ref/GP010122/GP010122_frame_000957_gt_ref_labelColor.png,/home/rvl1421/Datasets/ACDC/gt_trainval/gt/snow/train/GP010122/GP010122_frame_000957_gt_labelTrainIds.png,snow,2,0.0,0.0,/home/rvl1421/Datasets/ACDC/gt_trainval/gt/snow/train/GP010122/GP010122_frame_000957_gt_invIds.png
/home/rvl1421/Datasets/ACDC/rgb_anon/snow/train/GP010122/GP010122_frame_000987_rgb_anon.png,/home/rvl1421/Datasets/ACDC/gt_trainval_ref/gt/snow/train_ref/GP010122/GP010122_frame_000987_gt_ref_labelColor.png,/home/rvl1421/Datasets/ACDC/gt_trainval/gt/snow/train/GP010122/GP010122_frame_000987_gt_labelTrainIds.png,snow,2,0.0,0.0,/home/rvl1421/Datasets/ACDC/gt_trainval/gt/snow/train/GP010122/GP010122_frame_000987_gt_invIds.png
/home/rvl1421/Datasets/ACDC/rgb_anon/snow/train/GP010122/GP010122_frame_001021_rgb_anon.png,/home/rvl1421/Datasets/ACDC/gt_trainval_ref/gt/snow/train_ref/GP010122/GP010122_frame_001021_gt_ref_labelColor.png,/home/rvl1421/Datasets/ACDC/gt_trainval/gt/snow/train/GP010122/GP010122_frame_001021_gt_labelTrainIds.png,snow,2,0.0,0.0,/home/rvl1421/Datasets/ACDC/gt_trainval/gt/snow/train/GP010122/GP010122_frame_001021_gt_invIds.png
/home/rvl1421/Datasets/ACDC/rgb_anon/snow/train/GP010122/GP010122_frame_001041_rgb_anon.png,/home/rvl1421/Datasets/ACDC/gt_trainval_ref/gt/snow/train_ref/GP010122/GP010122_frame_001041_gt_ref_labelColor.png,/home/rvl1421/Datasets/ACDC/gt_trainval/gt/snow/train/GP010122/GP010122_frame_001041_gt_labelTrainIds.png,snow,2,0.0,0.0,/home/rvl1421/Datasets/ACDC/gt_trainval/gt/snow/train/GP010122/GP010122_frame_001041_gt_invIds.png
/home/rvl1421/Datasets/ACDC/rgb_anon/snow/train/GP010607/GP010607_frame_000080_rgb_anon.png,/home/rvl1421/Datasets/ACDC/gt_trainval_ref/gt/snow/train_ref/GP010607/GP010607_frame_000080_gt_ref_labelColor.png,/home/rvl1421/Datasets/ACDC/gt_trainval/gt/snow/train/GP010607/GP010607_frame_000080_gt_labelTrainIds.png,snow,2,0.0,0.0,/home/rvl1421/Datasets/ACDC/gt_trainval/gt/snow/train/GP010607/GP010607_frame_000080_gt_invIds.png
/home/rvl1421/Datasets/ACDC/rgb_anon/snow/train/GP010607/GP010607_frame_000112_rgb_anon.png,/home/rvl1421/Datasets/ACDC/gt_trainval_ref/gt/snow/train_ref/GP010607/GP010607_frame_000112_gt_ref_labelColor.png,/home/rvl1421/Datasets/ACDC/gt_trainval/gt/snow/train/GP010607/GP010607_frame_000112_gt_labelTrainIds.png,snow,2,0.0,0.0,/home/rvl1421/Datasets/ACDC/gt_trainval/gt/snow/train/GP010607/GP010607_frame_000112_gt_invIds.png
/home/rvl1421/Datasets/ACDC/rgb_anon/snow/train/GP010607/GP010607_frame_000123_rgb_anon.png,/home/rvl1421/Datasets/ACDC/gt_trainval_ref/gt/snow/train_ref/GP010607/GP010607_frame_000123_gt_ref_labelColor.png,/home/rvl1421/Datasets/ACDC/gt_trainval/gt/snow/train/GP010607/GP010607_frame_000123_gt_labelTrainIds.png,snow,2,0.0,0.0,/home/rvl1421/Datasets/ACDC/gt_trainval/gt/snow/train/GP010607/GP010607_frame_000123_gt_invIds.png
/home/rvl1421/Datasets/ACDC/rgb_anon/snow/train/GP010607/GP010607_frame_000138_rgb_anon.png,/home/rvl1421/Datasets/ACDC/gt_trainval_ref/gt/snow/train_ref/GP010607/GP010607_frame_000138_gt_ref_labelColor.png,/home/rvl1421/Datasets/ACDC/gt_trainval/gt/snow/train/GP010607/GP010607_frame_000138_gt_labelTrainIds.png,snow,2,0.0,0.0,/home/rvl1421/Datasets/ACDC/gt_trainval/gt/snow/train/GP010607/GP010607_frame_000138_gt_invIds.png
/home/rvl1421/Datasets/ACDC/rgb_anon/snow/train/GP010607/GP010607_frame_000175_rgb_anon.png,/home/rvl1421/Datasets/ACDC/gt_trainval_ref/gt/snow/train_ref/GP010607/GP010607_frame_000175_gt_ref_labelColor.png,/home/rvl1421/Datasets/ACDC/gt_trainval/gt/snow/train/GP010607/GP010607_frame_000175_gt_labelTrainIds.png,snow,2,0.0,0.0,/home/rvl1421/Datasets/ACDC/gt_trainval/gt/snow/train/GP010607/GP010607_frame_000175_gt_invIds.png
/home/rvl1421/Datasets/ACDC/rgb_anon/snow/train/GP010607/GP010607_frame_000187_rgb_anon.png,/home/rvl1421/Datasets/ACDC/gt_trainval_ref/gt/snow/train_ref/GP010607/GP010607_frame_000187_gt_ref_labelColor.png,/home/rvl1421/Datasets/ACDC/gt_trainval/gt/snow/train/GP010607/GP010607_frame_000187_gt_labelTrainIds.png,snow,2,0.0,0.0,/home/rvl1421/Datasets/ACDC/gt_trainval/gt/snow/train/GP010607/GP010607_frame_000187_gt_invIds.png
/home/rvl1421/Datasets/ACDC/rgb_anon/snow/train/GP010607/GP010607_frame_000227_rgb_anon.png,/home/rvl1421/Datasets/ACDC/gt_trainval_ref/gt/snow/train_ref/GP010607/GP010607_frame_000227_gt_ref_labelColor.png,/home/rvl1421/Datasets/ACDC/gt_trainval/gt/snow/train/GP010607/GP010607_frame_000227_gt_labelTrainIds.png,snow,2,0.0,0.0,/home/rvl1421/Datasets/ACDC/gt_trainval/gt/snow/train/GP010607/GP010607_frame_000227_gt_invIds.png
/home/rvl1421/Datasets/ACDC/rgb_anon/snow/train/GP010607/GP010607_frame_000267_rgb_anon.png,/home/rvl1421/Datasets/ACDC/gt_trainval_ref/gt/snow/train_ref/GP010607/GP010607_frame_000267_gt_ref_labelColor.png,/home/rvl1421/Datasets/ACDC/gt_trainval/gt/snow/train/GP010607/GP010607_frame_000267_gt_labelTrainIds.png,snow,2,0.0,0.0,/home/rvl1421/Datasets/ACDC/gt_trainval/gt/snow/train/GP010607/GP010607_frame_000267_gt_invIds.png
/home/rvl1421/Datasets/ACDC/rgb_anon/snow/train/GP010607/GP010607_frame_000324_rgb_anon.png,/home/rvl1421/Datasets/ACDC/gt_trainval_ref/gt/snow/train_ref/GP010607/GP010607_frame_000324_gt_ref_labelColor.png,/home/rvl1421/Datasets/ACDC/gt_trainval/gt/snow/train/GP010607/GP010607_frame_000324_gt_labelTrainIds.png,snow,2,0.0,0.0,/home/rvl1421/Datasets/ACDC/gt_trainval/gt/snow/train/GP010607/GP010607_frame_000324_gt_invIds.png
/home/rvl1421/Datasets/ACDC/rgb_anon/snow/train/GP010607/GP010607_frame_000355_rgb_anon.png,/home/rvl1421/Datasets/ACDC/gt_trainval_ref/gt/snow/train_ref/GP010607/GP010607_frame_000355_gt_ref_labelColor.png,/home/rvl1421/Datasets/ACDC/gt_trainval/gt/snow/train/GP010607/GP010607_frame_000355_gt_labelTrainIds.png,snow,2,0.0,0.0,/home/rvl1421/Datasets/ACDC/gt_trainval/gt/snow/train/GP010607/GP010607_frame_000355_gt_invIds.png
/home/rvl1421/Datasets/ACDC/rgb_anon/snow/train/GP010607/GP010607_frame_000382_rgb_anon.png,/home/rvl1421/Datasets/ACDC/gt_trainval_ref/gt/snow/train_ref/GP010607/GP010607_frame_000382_gt_ref_labelColor.png,/home/rvl1421/Datasets/ACDC/gt_trainval/gt/snow/train/GP010607/GP010607_frame_000382_gt_labelTrainIds.png,snow,2,0.0,0.0,/home/rvl1421/Datasets/ACDC/gt_trainval/gt/snow/train/GP010607/GP010607_frame_000382_gt_invIds.png
/home/rvl1421/Datasets/ACDC/rgb_anon/snow/train/GP010607/GP010607_frame_000487_rgb_anon.png,/home/rvl1421/Datasets/ACDC/gt_trainval_ref/gt/snow/train_ref/GP010607/GP010607_frame_000487_gt_ref_labelColor.png,/home/rvl1421/Datasets/ACDC/gt_trainval/gt/snow/train/GP010607/GP010607_frame_000487_gt_labelTrainIds.png,snow,2,0.0,0.0,/home/rvl1421/Datasets/ACDC/gt_trainval/gt/snow/train/GP010607/GP010607_frame_000487_gt_invIds.png
/home/rvl1421/Datasets/ACDC/rgb_anon/snow/train/GP010607/GP010607_frame_000517_rgb_anon.png,/home/rvl1421/Datasets/ACDC/gt_trainval_ref/gt/snow/train_ref/GP010607/GP010607_frame_000517_gt_ref_labelColor.png,/home/rvl1421/Datasets/ACDC/gt_trainval/gt/snow/train/GP010607/GP010607_frame_000517_gt_labelTrainIds.png,snow,2,0.0,0.0,/home/rvl1421/Datasets/ACDC/gt_trainval/gt/snow/train/GP010607/GP010607_frame_000517_gt_invIds.png
/home/rvl1421/Datasets/ACDC/rgb_anon/snow/train/GP010607/GP010607_frame_000576_rgb_anon.png,/home/rvl1421/Datasets/ACDC/gt_trainval_ref/gt/snow/train_ref/GP010607/GP010607_frame_000576_gt_ref_labelColor.png,/home/rvl1421/Datasets/ACDC/gt_trainval/gt/snow/train/GP010607/GP010607_frame_000576_gt_labelTrainIds.png,snow,2,0.0,0.0,/home/rvl1421/Datasets/ACDC/gt_trainval/gt/snow/train/GP010607/GP010607_frame_000576_gt_invIds.png
/home/rvl1421/Datasets/ACDC/rgb_anon/snow/train/GP010607/GP010607_frame_000595_rgb_anon.png,/home/rvl1421/Datasets/ACDC/gt_trainval_ref/gt/snow/train_ref/GP010607/GP010607_frame_000595_gt_ref_labelColor.png,/home/rvl1421/Datasets/ACDC/gt_trainval/gt/snow/train/GP010607/GP010607_frame_000595_gt_labelTrainIds.png,snow,2,0.0,0.0,/home/rvl1421/Datasets/ACDC/gt_trainval/gt/snow/train/GP010607/GP010607_frame_000595_gt_invIds.png
/home/rvl1421/Datasets/ACDC/rgb_anon/snow/train/GP010607/GP010607_frame_000639_rgb_anon.png,/home/rvl1421/Datasets/ACDC/gt_trainval_ref/gt/snow/train_ref/GP010607/GP010607_frame_000639_gt_ref_labelColor.png,/home/rvl1421/Datasets/ACDC/gt_trainval/gt/snow/train/GP010607/GP010607_frame_000639_gt_labelTrainIds.png,snow,2,0.0,0.0,/home/rvl1421/Datasets/ACDC/gt_trainval/gt/snow/train/GP010607/GP010607_frame_000639_gt_invIds.png
/home/rvl1421/Datasets/ACDC/rgb_anon/snow/train/GP010607/GP010607_frame_000665_rgb_anon.png,/home/rvl1421/Datasets/ACDC/gt_trainval_ref/gt/snow/train_ref/GP010607/GP010607_frame_000665_gt_ref_labelColor.png,/home/rvl1421/Datasets/ACDC/gt_trainval/gt/snow/train/GP010607/GP010607_frame_000665_gt_labelTrainIds.png,snow,2,0.0,0.0,/home/rvl1421/Datasets/ACDC/gt_trainval/gt/snow/train/GP010607/GP010607_frame_000665_gt_invIds.png
/home/rvl1421/Datasets/ACDC/rgb_anon/snow/train/GP010607/GP010607_frame_000691_rgb_anon.png,/home/rvl1421/Datasets/ACDC/gt_trainval_ref/gt/snow/train_ref/GP010607/GP010607_frame_000691_gt_ref_labelColor.png,/home/rvl1421/Datasets/ACDC/gt_trainval/gt/snow/train/GP010607/GP010607_frame_000691_gt_labelTrainIds.png,snow,2,0.0,0.0,/home/rvl1421/Datasets/ACDC/gt_trainval/gt/snow/train/GP010607/GP010607_frame_000691_gt_invIds.png
/home/rvl1421/Datasets/ACDC/rgb_anon/snow/train/GP010607/GP010607_frame_000710_rgb_anon.png,/home/rvl1421/Datasets/ACDC/gt_trainval_ref/gt/snow/train_ref/GP010607/GP010607_frame_000710_gt_ref_labelColor.png,/home/rvl1421/Datasets/ACDC/gt_trainval/gt/snow/train/GP010607/GP010607_frame_000710_gt_labelTrainIds.png,snow,2,0.0,0.0,/home/rvl1421/Datasets/ACDC/gt_trainval/gt/snow/train/GP010607/GP010607_frame_000710_gt_invIds.png
/home/rvl1421/Datasets/ACDC/rgb_anon/snow/train/GP010607/GP010607_frame_000734_rgb_anon.png,/home/rvl1421/Datasets/ACDC/gt_trainval_ref/gt/snow/train_ref/GP010607/GP010607_frame_000734_gt_ref_labelColor.png,/home/rvl1421/Datasets/ACDC/gt_trainval/gt/snow/train/GP010607/GP010607_frame_000734_gt_labelTrainIds.png,snow,2,0.0,0.0,/home/rvl1421/Datasets/ACDC/gt_trainval/gt/snow/train/GP010607/GP010607_frame_000734_gt_invIds.png
/home/rvl1421/Datasets/ACDC/rgb_anon/snow/train/GP010607/GP010607_frame_000745_rgb_anon.png,/home/rvl1421/Datasets/ACDC/gt_trainval_ref/gt/snow/train_ref/GP010607/GP010607_frame_000745_gt_ref_labelColor.png,/home/rvl1421/Datasets/ACDC/gt_trainval/gt/snow/train/GP010607/GP010607_frame_000745_gt_labelTrainIds.png,snow,2,0.0,0.0,/home/rvl1421/Datasets/ACDC/gt_trainval/gt/snow/train/GP010607/GP010607_frame_000745_gt_invIds.png
/home/rvl1421/Datasets/ACDC/rgb_anon/snow/train/GP010607/GP010607_frame_000760_rgb_anon.png,/home/rvl1421/Datasets/ACDC/gt_trainval_ref/gt/snow/train_ref/GP010607/GP010607_frame_000760_gt_ref_labelColor.png,/home/rvl1421/Datasets/ACDC/gt_trainval/gt/snow/train/GP010607/GP010607_frame_000760_gt_labelTrainIds.png,snow,2,0.0,0.0,/home/rvl1421/Datasets/ACDC/gt_trainval/gt/snow/train/GP010607/GP010607_frame_000760_gt_invIds.png
/home/rvl1421/Datasets/ACDC/rgb_anon/snow/train/GP010607/GP010607_frame_000768_rgb_anon.png,/home/rvl1421/Datasets/ACDC/gt_trainval_ref/gt/snow/train_ref/GP010607/GP010607_frame_000768_gt_ref_labelColor.png,/home/rvl1421/Datasets/ACDC/gt_trainval/gt/snow/train/GP010607/GP010607_frame_000768_gt_labelTrainIds.png,snow,2,0.0,0.0,/home/rvl1421/Datasets/ACDC/gt_trainval/gt/snow/train/GP010607/GP010607_frame_000768_gt_invIds.png
/home/rvl1421/Datasets/ACDC/rgb_anon/snow/train/GP010607/GP010607_frame_000788_rgb_anon.png,/home/rvl1421/Datasets/ACDC/gt_trainval_ref/gt/snow/train_ref/GP010607/GP010607_frame_000788_gt_ref_labelColor.png,/home/rvl1421/Datasets/ACDC/gt_trainval/gt/snow/train/GP010607/GP010607_frame_000788_gt_labelTrainIds.png,snow,2,0.0,0.0,/home/rvl1421/Datasets/ACDC/gt_trainval/gt/snow/train/GP010607/GP010607_frame_000788_gt_invIds.png
/home/rvl1421/Datasets/ACDC/rgb_anon/snow/train/GP010607/GP010607_frame_000799_rgb_anon.png,/home/rvl1421/Datasets/ACDC/gt_trainval_ref/gt/snow/train_ref/GP010607/GP010607_frame_000799_gt_ref_labelColor.png,/home/rvl1421/Datasets/ACDC/gt_trainval/gt/snow/train/GP010607/GP010607_frame_000799_gt_labelTrainIds.png,snow,2,0.0,0.0,/home/rvl1421/Datasets/ACDC/gt_trainval/gt/snow/train/GP010607/GP010607_frame_000799_gt_invIds.png
/home/rvl1421/Datasets/ACDC/rgb_anon/snow/train/GP010607/GP010607_frame_000819_rgb_anon.png,/home/rvl1421/Datasets/ACDC/gt_trainval_ref/gt/snow/train_ref/GP010607/GP010607_frame_000819_gt_ref_labelColor.png,/home/rvl1421/Datasets/ACDC/gt_trainval/gt/snow/train/GP010607/GP010607_frame_000819_gt_labelTrainIds.png,snow,2,0.0,0.0,/home/rvl1421/Datasets/ACDC/gt_trainval/gt/snow/train/GP010607/GP010607_frame_000819_gt_invIds.png
/home/rvl1421/Datasets/ACDC/rgb_anon/snow/train/GP010607/GP010607_frame_000829_rgb_anon.png,/home/rvl1421/Datasets/ACDC/gt_trainval_ref/gt/snow/train_ref/GP010607/GP010607_frame_000829_gt_ref_labelColor.png,/home/rvl1421/Datasets/ACDC/gt_trainval/gt/snow/train/GP010607/GP010607_frame_000829_gt_labelTrainIds.png,snow,2,0.0,0.0,/home/rvl1421/Datasets/ACDC/gt_trainval/gt/snow/train/GP010607/GP010607_frame_000829_gt_invIds.png
/home/rvl1421/Datasets/ACDC/rgb_anon/snow/train/GP010607/GP010607_frame_000839_rgb_anon.png,/home/rvl1421/Datasets/ACDC/gt_trainval_ref/gt/snow/train_ref/GP010607/GP010607_frame_000839_gt_ref_labelColor.png,/home/rvl1421/Datasets/ACDC/gt_trainval/gt/snow/train/GP010607/GP010607_frame_000839_gt_labelTrainIds.png,snow,2,0.0,0.0,/home/rvl1421/Datasets/ACDC/gt_trainval/gt/snow/train/GP010607/GP010607_frame_000839_gt_invIds.png
/home/rvl1421/Datasets/ACDC/rgb_anon/snow/train/GP010607/GP010607_frame_000849_rgb_anon.png,/home/rvl1421/Datasets/ACDC/gt_trainval_ref/gt/snow/train_ref/GP010607/GP010607_frame_000849_gt_ref_labelColor.png,/home/rvl1421/Datasets/ACDC/gt_trainval/gt/snow/train/GP010607/GP010607_frame_000849_gt_labelTrainIds.png,snow,2,0.0,0.0,/home/rvl1421/Datasets/ACDC/gt_trainval/gt/snow/train/GP010607/GP010607_frame_000849_gt_invIds.png
/home/rvl1421/Datasets/ACDC/rgb_anon/snow/train/GP010607/GP010607_frame_000862_rgb_anon.png,/home/rvl1421/Datasets/ACDC/gt_trainval_ref/gt/snow/train_ref/GP010607/GP010607_frame_000862_gt_ref_labelColor.png,/home/rvl1421/Datasets/ACDC/gt_trainval/gt/snow/train/GP010607/GP010607_frame_000862_gt_labelTrainIds.png,snow,2,0.0,0.0,/home/rvl1421/Datasets/ACDC/gt_trainval/gt/snow/train/GP010607/GP010607_frame_000862_gt_invIds.png
/home/rvl1421/Datasets/ACDC/rgb_anon/snow/train/GP020606/GP020606_frame_000470_rgb_anon.png,/home/rvl1421/Datasets/ACDC/gt_trainval_ref/gt/snow/train_ref/GP020606/GP020606_frame_000470_gt_ref_labelColor.png,/home/rvl1421/Datasets/ACDC/gt_trainval/gt/snow/train/GP020606/GP020606_frame_000470_gt_labelTrainIds.png,snow,2,0.0,0.0,/home/rvl1421/Datasets/ACDC/gt_trainval/gt/snow/train/GP020606/GP020606_frame_000470_gt_invIds.png
/home/rvl1421/Datasets/ACDC/rgb_anon/snow/train/GP020606/GP020606_frame_000503_rgb_anon.png,/home/rvl1421/Datasets/ACDC/gt_trainval_ref/gt/snow/train_ref/GP020606/GP020606_frame_000503_gt_ref_labelColor.png,/home/rvl1421/Datasets/ACDC/gt_trainval/gt/snow/train/GP020606/GP020606_frame_000503_gt_labelTrainIds.png,snow,2,0.0,0.0,/home/rvl1421/Datasets/ACDC/gt_trainval/gt/snow/train/GP020606/GP020606_frame_000503_gt_invIds.png
/home/rvl1421/Datasets/ACDC/rgb_anon/snow/train/GP020606/GP020606_frame_000513_rgb_anon.png,/home/rvl1421/Datasets/ACDC/gt_trainval_ref/gt/snow/train_ref/GP020606/GP020606_frame_000513_gt_ref_labelColor.png,/home/rvl1421/Datasets/ACDC/gt_trainval/gt/snow/train/GP020606/GP020606_frame_000513_gt_labelTrainIds.png,snow,2,0.0,0.0,/home/rvl1421/Datasets/ACDC/gt_trainval/gt/snow/train/GP020606/GP020606_frame_000513_gt_invIds.png
/home/rvl1421/Datasets/ACDC/rgb_anon/snow/train/GP030176/GP030176_frame_000766_rgb_anon.png,/home/rvl1421/Datasets/ACDC/gt_trainval_ref/gt/snow/train_ref/GP030176/GP030176_frame_000766_gt_ref_labelColor.png,/home/rvl1421/Datasets/ACDC/gt_trainval/gt/snow/train/GP030176/GP030176_frame_000766_gt_labelTrainIds.png,snow,2,0.0,0.0,/home/rvl1421/Datasets/ACDC/gt_trainval/gt/snow/train/GP030176/GP030176_frame_000766_gt_invIds.png
/home/rvl1421/Datasets/ACDC/rgb_anon/snow/train/GP030176/GP030176_frame_000795_rgb_anon.png,/home/rvl1421/Datasets/ACDC/gt_trainval_ref/gt/snow/train_ref/GP030176/GP030176_frame_000795_gt_ref_labelColor.png,/home/rvl1421/Datasets/ACDC/gt_trainval/gt/snow/train/GP030176/GP030176_frame_000795_gt_labelTrainIds.png,snow,2,0.0,0.0,/home/rvl1421/Datasets/ACDC/gt_trainval/gt/snow/train/GP030176/GP030176_frame_000795_gt_invIds.png
/home/rvl1421/Datasets/ACDC/rgb_anon/snow/train/GP030176/GP030176_frame_000835_rgb_anon.png,/home/rvl1421/Datasets/ACDC/gt_trainval_ref/gt/snow/train_ref/GP030176/GP030176_frame_000835_gt_ref_labelColor.png,/home/rvl1421/Datasets/ACDC/gt_trainval/gt/snow/train/GP030176/GP030176_frame_000835_gt_labelTrainIds.png,snow,2,0.0,0.0,/home/rvl1421/Datasets/ACDC/gt_trainval/gt/snow/train/GP030176/GP030176_frame_000835_gt_invIds.png
/home/rvl1421/Datasets/ACDC/rgb_anon/snow/train/GP030176/GP030176_frame_000895_rgb_anon.png,/home/rvl1421/Datasets/ACDC/gt_trainval_ref/gt/snow/train_ref/GP030176/GP030176_frame_000895_gt_ref_labelColor.png,/home/rvl1421/Datasets/ACDC/gt_trainval/gt/snow/train/GP030176/GP030176_frame_000895_gt_labelTrainIds.png,snow,2,0.0,0.0,/home/rvl1421/Datasets/ACDC/gt_trainval/gt/snow/train/GP030176/GP030176_frame_000895_gt_invIds.png
/home/rvl1421/Datasets/ACDC/rgb_anon/snow/train/GP030176/GP030176_frame_001034_rgb_anon.png,/home/rvl1421/Datasets/ACDC/gt_trainval_ref/gt/snow/train_ref/GP030176/GP030176_frame_001034_gt_ref_labelColor.png,/home/rvl1421/Datasets/ACDC/gt_trainval/gt/snow/train/GP030176/GP030176_frame_001034_gt_labelTrainIds.png,snow,2,0.0,0.0,/home/rvl1421/Datasets/ACDC/gt_trainval/gt/snow/train/GP030176/GP030176_frame_001034_gt_invIds.png
/home/rvl1421/Datasets/ACDC/rgb_anon/snow/train/GP030176/GP030176_frame_001047_rgb_anon.png,/home/rvl1421/Datasets/ACDC/gt_trainval_ref/gt/snow/train_ref/GP030176/GP030176_frame_001047_gt_ref_labelColor.png,/home/rvl1421/Datasets/ACDC/gt_trainval/gt/snow/train/GP030176/GP030176_frame_001047_gt_labelTrainIds.png,snow,2,0.0,0.0,/home/rvl1421/Datasets/ACDC/gt_trainval/gt/snow/train/GP030176/GP030176_frame_001047_gt_invIds.png
/home/rvl1421/Datasets/ACDC/rgb_anon/snow/train/GP040176/GP040176_frame_000024_rgb_anon.png,/home/rvl1421/Datasets/ACDC/gt_trainval_ref/gt/snow/train_ref/GP040176/GP040176_frame_000024_gt_ref_labelColor.png,/home/rvl1421/Datasets/ACDC/gt_trainval/gt/snow/train/GP040176/GP040176_frame_000024_gt_labelTrainIds.png,snow,2,0.0,0.0,/home/rvl1421/Datasets/ACDC/gt_trainval/gt/snow/train/GP040176/GP040176_frame_000024_gt_invIds.png
/home/rvl1421/Datasets/ACDC/rgb_anon/snow/train/GP040176/GP040176_frame_000044_rgb_anon.png,/home/rvl1421/Datasets/ACDC/gt_trainval_ref/gt/snow/train_ref/GP040176/GP040176_frame_000044_gt_ref_labelColor.png,/home/rvl1421/Datasets/ACDC/gt_trainval/gt/snow/train/GP040176/GP040176_frame_000044_gt_labelTrainIds.png,snow,2,0.0,0.0,/home/rvl1421/Datasets/ACDC/gt_trainval/gt/snow/train/GP040176/GP040176_frame_000044_gt_invIds.png
/home/rvl1421/Datasets/ACDC/rgb_anon/snow/train/GP040176/GP040176_frame_000054_rgb_anon.png,/home/rvl1421/Datasets/ACDC/gt_trainval_ref/gt/snow/train_ref/GP040176/GP040176_frame_000054_gt_ref_labelColor.png,/home/rvl1421/Datasets/ACDC/gt_trainval/gt/snow/train/GP040176/GP040176_frame_000054_gt_labelTrainIds.png,snow,2,0.0,0.0,/home/rvl1421/Datasets/ACDC/gt_trainval/gt/snow/train/GP040176/GP040176_frame_000054_gt_invIds.png
/home/rvl1421/Datasets/ACDC/rgb_anon/snow/train/GP040176/GP040176_frame_000067_rgb_anon.png,/home/rvl1421/Datasets/ACDC/gt_trainval_ref/gt/snow/train_ref/GP040176/GP040176_frame_000067_gt_ref_labelColor.png,/home/rvl1421/Datasets/ACDC/gt_trainval/gt/snow/train/GP040176/GP040176_frame_000067_gt_labelTrainIds.png,snow,2,0.0,0.0,/home/rvl1421/Datasets/ACDC/gt_trainval/gt/snow/train/GP040176/GP040176_frame_000067_gt_invIds.png
/home/rvl1421/Datasets/ACDC/rgb_anon/snow/train/GP040176/GP040176_frame_000088_rgb_anon.png,/home/rvl1421/Datasets/ACDC/gt_trainval_ref/gt/snow/train_ref/GP040176/GP040176_frame_000088_gt_ref_labelColor.png,/home/rvl1421/Datasets/ACDC/gt_trainval/gt/snow/train/GP040176/GP040176_frame_000088_gt_labelTrainIds.png,snow,2,0.0,0.0,/home/rvl1421/Datasets/ACDC/gt_trainval/gt/snow/train/GP040176/GP040176_frame_000088_gt_invIds.png
/home/rvl1421/Datasets/ACDC/rgb_anon/snow/train/GP040176/GP040176_frame_000110_rgb_anon.png,/home/rvl1421/Datasets/ACDC/gt_trainval_ref/gt/snow/train_ref/GP040176/GP040176_frame_000110_gt_ref_labelColor.png,/home/rvl1421/Datasets/ACDC/gt_trainval/gt/snow/train/GP040176/GP040176_frame_000110_gt_labelTrainIds.png,snow,2,0.0,0.0,/home/rvl1421/Datasets/ACDC/gt_trainval/gt/snow/train/GP040176/GP040176_frame_000110_gt_invIds.png
/home/rvl1421/Datasets/ACDC/rgb_anon/snow/train/GP040176/GP040176_frame_000141_rgb_anon.png,/home/rvl1421/Datasets/ACDC/gt_trainval_ref/gt/snow/train_ref/GP040176/GP040176_frame_000141_gt_ref_labelColor.png,/home/rvl1421/Datasets/ACDC/gt_trainval/gt/snow/train/GP040176/GP040176_frame_000141_gt_labelTrainIds.png,snow,2,0.0,0.0,/home/rvl1421/Datasets/ACDC/gt_trainval/gt/snow/train/GP040176/GP040176_frame_000141_gt_invIds.png
/home/rvl1421/Datasets/ACDC/rgb_anon/snow/train/GP040176/GP040176_frame_000158_rgb_anon.png,/home/rvl1421/Datasets/ACDC/gt_trainval_ref/gt/snow/train_ref/GP040176/GP040176_frame_000158_gt_ref_labelColor.png,/home/rvl1421/Datasets/ACDC/gt_trainval/gt/snow/train/GP040176/GP040176_frame_000158_gt_labelTrainIds.png,snow,2,0.0,0.0,/home/rvl1421/Datasets/ACDC/gt_trainval/gt/snow/train/GP040176/GP040176_frame_000158_gt_invIds.png
/home/rvl1421/Datasets/ACDC/rgb_anon/snow/train/GP040176/GP040176_frame_000169_rgb_anon.png,/home/rvl1421/Datasets/ACDC/gt_trainval_ref/gt/snow/train_ref/GP040176/GP040176_frame_000169_gt_ref_labelColor.png,/home/rvl1421/Datasets/ACDC/gt_trainval/gt/snow/train/GP040176/GP040176_frame_000169_gt_labelTrainIds.png,snow,2,0.0,0.0,/home/rvl1421/Datasets/ACDC/gt_trainval/gt/snow/train/GP040176/GP040176_frame_000169_gt_invIds.png
/home/rvl1421/Datasets/ACDC/rgb_anon/snow/train/GP040176/GP040176_frame_000188_rgb_anon.png,/home/rvl1421/Datasets/ACDC/gt_trainval_ref/gt/snow/train_ref/GP040176/GP040176_frame_000188_gt_ref_labelColor.png,/home/rvl1421/Datasets/ACDC/gt_trainval/gt/snow/train/GP040176/GP040176_frame_000188_gt_labelTrainIds.png,snow,2,0.0,0.0,/home/rvl1421/Datasets/ACDC/gt_trainval/gt/snow/train/GP040176/GP040176_frame_000188_gt_invIds.png
/home/rvl1421/Datasets/ACDC/rgb_anon/snow/train/GP040176/GP040176_frame_000228_rgb_anon.png,/home/rvl1421/Datasets/ACDC/gt_trainval_ref/gt/snow/train_ref/GP040176/GP040176_frame_000228_gt_ref_labelColor.png,/home/rvl1421/Datasets/ACDC/gt_trainval/gt/snow/train/GP040176/GP040176_frame_000228_gt_labelTrainIds.png,snow,2,0.0,0.0,/home/rvl1421/Datasets/ACDC/gt_trainval/gt/snow/train/GP040176/GP040176_frame_000228_gt_invIds.png
/home/rvl1421/Datasets/ACDC/rgb_anon/snow/train/GP040176/GP040176_frame_000268_rgb_anon.png,/home/rvl1421/Datasets/ACDC/gt_trainval_ref/gt/snow/train_ref/GP040176/GP040176_frame_000268_gt_ref_labelColor.png,/home/rvl1421/Datasets/ACDC/gt_trainval/gt/snow/train/GP040176/GP040176_frame_000268_gt_labelTrainIds.png,snow,2,0.0,0.0,/home/rvl1421/Datasets/ACDC/gt_trainval/gt/snow/train/GP040176/GP040176_frame_000268_gt_invIds.png
/home/rvl1421/Datasets/ACDC/rgb_anon/snow/train/GP040176/GP040176_frame_000308_rgb_anon.png,/home/rvl1421/Datasets/ACDC/gt_trainval_ref/gt/snow/train_ref/GP040176/GP040176_frame_000308_gt_ref_labelColor.png,/home/rvl1421/Datasets/ACDC/gt_trainval/gt/snow/train/GP040176/GP040176_frame_000308_gt_labelTrainIds.png,snow,2,0.0,0.0,/home/rvl1421/Datasets/ACDC/gt_trainval/gt/snow/train/GP040176/GP040176_frame_000308_gt_invIds.png
/home/rvl1421/Datasets/ACDC/rgb_anon/snow/train/GP040176/GP040176_frame_000368_rgb_anon.png,/home/rvl1421/Datasets/ACDC/gt_trainval_ref/gt/snow/train_ref/GP040176/GP040176_frame_000368_gt_ref_labelColor.png,/home/rvl1421/Datasets/ACDC/gt_trainval/gt/snow/train/GP040176/GP040176_frame_000368_gt_labelTrainIds.png,snow,2,0.0,0.0,/home/rvl1421/Datasets/ACDC/gt_trainval/gt/snow/train/GP040176/GP040176_frame_000368_gt_invIds.png
/home/rvl1421/Datasets/ACDC/rgb_anon/snow/train/GP040176/GP040176_frame_000408_rgb_anon.png,/home/rvl1421/Datasets/ACDC/gt_trainval_ref/gt/snow/train_ref/GP040176/GP040176_frame_000408_gt_ref_labelColor.png,/home/rvl1421/Datasets/ACDC/gt_trainval/gt/snow/train/GP040176/GP040176_frame_000408_gt_labelTrainIds.png,snow,2,0.0,0.0,/home/rvl1421/Datasets/ACDC/gt_trainval/gt/snow/train/GP040176/GP040176_frame_000408_gt_invIds.png
/home/rvl1421/Datasets/ACDC/rgb_anon/snow/train/GP040176/GP040176_frame_000448_rgb_anon.png,/home/rvl1421/Datasets/ACDC/gt_trainval_ref/gt/snow/train_ref/GP040176/GP040176_frame_000448_gt_ref_labelColor.png,/home/rvl1421/Datasets/ACDC/gt_trainval/gt/snow/train/GP040176/GP040176_frame_000448_gt_labelTrainIds.png,snow,2,0.0,0.0,/home/rvl1421/Datasets/ACDC/gt_trainval/gt/snow/train/GP040176/GP040176_frame_000448_gt_invIds.png
/home/rvl1421/Datasets/ACDC/rgb_anon/snow/train/GP040176/GP040176_frame_000484_rgb_anon.png,/home/rvl1421/Datasets/ACDC/gt_trainval_ref/gt/snow/train_ref/GP040176/GP040176_frame_000484_gt_ref_labelColor.png,/home/rvl1421/Datasets/ACDC/gt_trainval/gt/snow/train/GP040176/GP040176_frame_000484_gt_labelTrainIds.png,snow,2,0.0,0.0,/home/rvl1421/Datasets/ACDC/gt_trainval/gt/snow/train/GP040176/GP040176_frame_000484_gt_invIds.png
/home/rvl1421/Datasets/ACDC/rgb_anon/snow/train/GP040176/GP040176_frame_000523_rgb_anon.png,/home/rvl1421/Datasets/ACDC/gt_trainval_ref/gt/snow/train_ref/GP040176/GP040176_frame_000523_gt_ref_labelColor.png,/home/rvl1421/Datasets/ACDC/gt_trainval/gt/snow/train/GP040176/GP040176_frame_000523_gt_labelTrainIds.png,snow,2,0.0,0.0,/home/rvl1421/Datasets/ACDC/gt_trainval/gt/snow/train/GP040176/GP040176_frame_000523_gt_invIds.png
/home/rvl1421/Datasets/ACDC/rgb_anon/snow/train/GP040176/GP040176_frame_000534_rgb_anon.png,/home/rvl1421/Datasets/ACDC/gt_trainval_ref/gt/snow/train_ref/GP040176/GP040176_frame_000534_gt_ref_labelColor.png,/home/rvl1421/Datasets/ACDC/gt_trainval/gt/snow/train/GP040176/GP040176_frame_000534_gt_labelTrainIds.png,snow,2,0.0,0.0,/home/rvl1421/Datasets/ACDC/gt_trainval/gt/snow/train/GP040176/GP040176_frame_000534_gt_invIds.png
/home/rvl1421/Datasets/ACDC/rgb_anon/snow/train/GP040176/GP040176_frame_000542_rgb_anon.png,/home/rvl1421/Datasets/ACDC/gt_trainval_ref/gt/snow/train_ref/GP040176/GP040176_frame_000542_gt_ref_labelColor.png,/home/rvl1421/Datasets/ACDC/gt_trainval/gt/snow/train/GP040176/GP040176_frame_000542_gt_labelTrainIds.png,snow,2,0.0,0.0,/home/rvl1421/Datasets/ACDC/gt_trainval/gt/snow/train/GP040176/GP040176_frame_000542_gt_invIds.png
/home/rvl1421/Datasets/ACDC/rgb_anon/snow/train/GP040176/GP040176_frame_000566_rgb_anon.png,/home/rvl1421/Datasets/ACDC/gt_trainval_ref/gt/snow/train_ref/GP040176/GP040176_frame_000566_gt_ref_labelColor.png,/home/rvl1421/Datasets/ACDC/gt_trainval/gt/snow/train/GP040176/GP040176_frame_000566_gt_labelTrainIds.png,snow,2,0.0,0.0,/home/rvl1421/Datasets/ACDC/gt_trainval/gt/snow/train/GP040176/GP040176_frame_000566_gt_invIds.png
/home/rvl1421/Datasets/ACDC/rgb_anon/snow/train/GP040176/GP040176_frame_000589_rgb_anon.png,/home/rvl1421/Datasets/ACDC/gt_trainval_ref/gt/snow/train_ref/GP040176/GP040176_frame_000589_gt_ref_labelColor.png,/home/rvl1421/Datasets/ACDC/gt_trainval/gt/snow/train/GP040176/GP040176_frame_000589_gt_labelTrainIds.png,snow,2,0.0,0.0,/home/rvl1421/Datasets/ACDC/gt_trainval/gt/snow/train/GP040176/GP040176_frame_000589_gt_invIds.png
/home/rvl1421/Datasets/ACDC/rgb_anon/snow/train/GP040176/GP040176_frame_000629_rgb_anon.png,/home/rvl1421/Datasets/ACDC/gt_trainval_ref/gt/snow/train_ref/GP040176/GP040176_frame_000629_gt_ref_labelColor.png,/home/rvl1421/Datasets/ACDC/gt_trainval/gt/snow/train/GP040176/GP040176_frame_000629_gt_labelTrainIds.png,snow,2,0.0,0.0,/home/rvl1421/Datasets/ACDC/gt_trainval/gt/snow/train/GP040176/GP040176_frame_000629_gt_invIds.png
/home/rvl1421/Datasets/ACDC/rgb_anon/snow/train/GP040176/GP040176_frame_000669_rgb_anon.png,/home/rvl1421/Datasets/ACDC/gt_trainval_ref/gt/snow/train_ref/GP040176/GP040176_frame_000669_gt_ref_labelColor.png,/home/rvl1421/Datasets/ACDC/gt_trainval/gt/snow/train/GP040176/GP040176_frame_000669_gt_labelTrainIds.png,snow,2,0.0,0.0,/home/rvl1421/Datasets/ACDC/gt_trainval/gt/snow/train/GP040176/GP040176_frame_000669_gt_invIds.png
/home/rvl1421/Datasets/ACDC/rgb_anon/snow/train/GP040176/GP040176_frame_000696_rgb_anon.png,/home/rvl1421/Datasets/ACDC/gt_trainval_ref/gt/snow/train_ref/GP040176/GP040176_frame_000696_gt_ref_labelColor.png,/home/rvl1421/Datasets/ACDC/gt_trainval/gt/snow/train/GP040176/GP040176_frame_000696_gt_labelTrainIds.png,snow,2,0.0,0.0,/home/rvl1421/Datasets/ACDC/gt_trainval/gt/snow/train/GP040176/GP040176_frame_000696_gt_invIds.png
/home/rvl1421/Datasets/ACDC/rgb_anon/snow/train/GP040176/GP040176_frame_000707_rgb_anon.png,/home/rvl1421/Datasets/ACDC/gt_trainval_ref/gt/snow/train_ref/GP040176/GP040176_frame_000707_gt_ref_labelColor.png,/home/rvl1421/Datasets/ACDC/gt_trainval/gt/snow/train/GP040176/GP040176_frame_000707_gt_labelTrainIds.png,snow,2,0.0,0.0,/home/rvl1421/Datasets/ACDC/gt_trainval/gt/snow/train/GP040176/GP040176_frame_000707_gt_invIds.png
/home/rvl1421/Datasets/ACDC/rgb_anon/snow/train/GP040176/GP040176_frame_000734_rgb_anon.png,/home/rvl1421/Datasets/ACDC/gt_trainval_ref/gt/snow/train_ref/GP040176/GP040176_frame_000734_gt_ref_labelColor.png,/home/rvl1421/Datasets/ACDC/gt_trainval/gt/snow/train/GP040176/GP040176_frame_000734_gt_labelTrainIds.png,snow,2,0.0,0.0,/home/rvl1421/Datasets/ACDC/gt_trainval/gt/snow/train/GP040176/GP040176_frame_000734_gt_invIds.png
/home/rvl1421/Datasets/ACDC/rgb_anon/snow/train/GP040176/GP040176_frame_000765_rgb_anon.png,/home/rvl1421/Datasets/ACDC/gt_trainval_ref/gt/snow/train_ref/GP040176/GP040176_frame_000765_gt_ref_labelColor.png,/home/rvl1421/Datasets/ACDC/gt_trainval/gt/snow/train/GP040176/GP040176_frame_000765_gt_labelTrainIds.png,snow,2,0.0,0.0,/home/rvl1421/Datasets/ACDC/gt_trainval/gt/snow/train/GP040176/GP040176_frame_000765_gt_invIds.png
/home/rvl1421/Datasets/ACDC/rgb_anon/snow/train/GP040176/GP040176_frame_000782_rgb_anon.png,/home/rvl1421/Datasets/ACDC/gt_trainval_ref/gt/snow/train_ref/GP040176/GP040176_frame_000782_gt_ref_labelColor.png,/home/rvl1421/Datasets/ACDC/gt_trainval/gt/snow/train/GP040176/GP040176_frame_000782_gt_labelTrainIds.png,snow,2,0.0,0.0,/home/rvl1421/Datasets/ACDC/gt_trainval/gt/snow/train/GP040176/GP040176_frame_000782_gt_invIds.png
/home/rvl1421/Datasets/ACDC/rgb_anon/snow/train/GP040176/GP040176_frame_000795_rgb_anon.png,/home/rvl1421/Datasets/ACDC/gt_trainval_ref/gt/snow/train_ref/GP040176/GP040176_frame_000795_gt_ref_labelColor.png,/home/rvl1421/Datasets/ACDC/gt_trainval/gt/snow/train/GP040176/GP040176_frame_000795_gt_labelTrainIds.png,snow,2,0.0,0.0,/home/rvl1421/Datasets/ACDC/gt_trainval/gt/snow/train/GP040176/GP040176_frame_000795_gt_invIds.png
/home/rvl1421/Datasets/ACDC/rgb_anon/snow/train/GP040176/GP040176_frame_000813_rgb_anon.png,/home/rvl1421/Datasets/ACDC/gt_trainval_ref/gt/snow/train_ref/GP040176/GP040176_frame_000813_gt_ref_labelColor.png,/home/rvl1421/Datasets/ACDC/gt_trainval/gt/snow/train/GP040176/GP040176_frame_000813_gt_labelTrainIds.png,snow,2,0.0,0.0,/home/rvl1421/Datasets/ACDC/gt_trainval/gt/snow/train/GP040176/GP040176_frame_000813_gt_invIds.png
/home/rvl1421/Datasets/ACDC/rgb_anon/snow/train/GP040176/GP040176_frame_000826_rgb_anon.png,/home/rvl1421/Datasets/ACDC/gt_trainval_ref/gt/snow/train_ref/GP040176/GP040176_frame_000826_gt_ref_labelColor.png,/home/rvl1421/Datasets/ACDC/gt_trainval/gt/snow/train/GP040176/GP040176_frame_000826_gt_labelTrainIds.png,snow,2,0.0,0.0,/home/rvl1421/Datasets/ACDC/gt_trainval/gt/snow/train/GP040176/GP040176_frame_000826_gt_invIds.png
/home/rvl1421/Datasets/ACDC/rgb_anon/snow/train/GP040176/GP040176_frame_000839_rgb_anon.png,/home/rvl1421/Datasets/ACDC/gt_trainval_ref/gt/snow/train_ref/GP040176/GP040176_frame_000839_gt_ref_labelColor.png,/home/rvl1421/Datasets/ACDC/gt_trainval/gt/snow/train/GP040176/GP040176_frame_000839_gt_labelTrainIds.png,snow,2,0.0,0.0,/home/rvl1421/Datasets/ACDC/gt_trainval/gt/snow/train/GP040176/GP040176_frame_000839_gt_invIds.png
/home/rvl1421/Datasets/ACDC/rgb_anon/snow/train/GP040176/GP040176_frame_000867_rgb_anon.png,/home/rvl1421/Datasets/ACDC/gt_trainval_ref/gt/snow/train_ref/GP040176/GP040176_frame_000867_gt_ref_labelColor.png,/home/rvl1421/Datasets/ACDC/gt_trainval/gt/snow/train/GP040176/GP040176_frame_000867_gt_labelTrainIds.png,snow,2,0.0,0.0,/home/rvl1421/Datasets/ACDC/gt_trainval/gt/snow/train/GP040176/GP040176_frame_000867_gt_invIds.png
/home/rvl1421/Datasets/ACDC/rgb_anon/snow/train/GP040176/GP040176_frame_000894_rgb_anon.png,/home/rvl1421/Datasets/ACDC/gt_trainval_ref/gt/snow/train_ref/GP040176/GP040176_frame_000894_gt_ref_labelColor.png,/home/rvl1421/Datasets/ACDC/gt_trainval/gt/snow/train/GP040176/GP040176_frame_000894_gt_labelTrainIds.png,snow,2,0.0,0.0,/home/rvl1421/Datasets/ACDC/gt_trainval/gt/snow/train/GP040176/GP040176_frame_000894_gt_invIds.png
/home/rvl1421/Datasets/ACDC/rgb_anon/snow/train/GP040176/GP040176_frame_000906_rgb_anon.png,/home/rvl1421/Datasets/ACDC/gt_trainval_ref/gt/snow/train_ref/GP040176/GP040176_frame_000906_gt_ref_labelColor.png,/home/rvl1421/Datasets/ACDC/gt_trainval/gt/snow/train/GP040176/GP040176_frame_000906_gt_labelTrainIds.png,snow,2,0.0,0.0,/home/rvl1421/Datasets/ACDC/gt_trainval/gt/snow/train/GP040176/GP040176_frame_000906_gt_invIds.png
/home/rvl1421/Datasets/ACDC/rgb_anon/snow/train/GP040176/GP040176_frame_000918_rgb_anon.png,/home/rvl1421/Datasets/ACDC/gt_trainval_ref/gt/snow/train_ref/GP040176/GP040176_frame_000918_gt_ref_labelColor.png,/home/rvl1421/Datasets/ACDC/gt_trainval/gt/snow/train/GP040176/GP040176_frame_000918_gt_labelTrainIds.png,snow,2,0.0,0.0,/home/rvl1421/Datasets/ACDC/gt_trainval/gt/snow/train/GP040176/GP040176_frame_000918_gt_invIds.png
/home/rvl1421/Datasets/ACDC/rgb_anon/snow/train/GP040176/GP040176_frame_000928_rgb_anon.png,/home/rvl1421/Datasets/ACDC/gt_trainval_ref/gt/snow/train_ref/GP040176/GP040176_frame_000928_gt_ref_labelColor.png,/home/rvl1421/Datasets/ACDC/gt_trainval/gt/snow/train/GP040176/GP040176_frame_000928_gt_labelTrainIds.png,snow,2,0.0,0.0,/home/rvl1421/Datasets/ACDC/gt_trainval/gt/snow/train/GP040176/GP040176_frame_000928_gt_invIds.png
/home/rvl1421/Datasets/ACDC/rgb_anon/snow/train/GP040176/GP040176_frame_000968_rgb_anon.png,/home/rvl1421/Datasets/ACDC/gt_trainval_ref/gt/snow/train_ref/GP040176/GP040176_frame_000968_gt_ref_labelColor.png,/home/rvl1421/Datasets/ACDC/gt_trainval/gt/snow/train/GP040176/GP040176_frame_000968_gt_labelTrainIds.png,snow,2,0.0,0.0,/home/rvl1421/Datasets/ACDC/gt_trainval/gt/snow/train/GP040176/GP040176_frame_000968_gt_invIds.png
/home/rvl1421/Datasets/ACDC/rgb_anon/snow/train/GP040176/GP040176_frame_000984_rgb_anon.png,/home/rvl1421/Datasets/ACDC/gt_trainval_ref/gt/snow/train_ref/GP040176/GP040176_frame_000984_gt_ref_labelColor.png,/home/rvl1421/Datasets/ACDC/gt_trainval/gt/snow/train/GP040176/GP040176_frame_000984_gt_labelTrainIds.png,snow,2,0.0,0.0,/home/rvl1421/Datasets/ACDC/gt_trainval/gt/snow/train/GP040176/GP040176_frame_000984_gt_invIds.png
/home/rvl1421/Datasets/ACDC/rgb_anon/snow/train/GP040176/GP040176_frame_000994_rgb_anon.png,/home/rvl1421/Datasets/ACDC/gt_trainval_ref/gt/snow/train_ref/GP040176/GP040176_frame_000994_gt_ref_labelColor.png,/home/rvl1421/Datasets/ACDC/gt_trainval/gt/snow/train/GP040176/GP040176_frame_000994_gt_labelTrainIds.png,snow,2,0.0,0.0,/home/rvl1421/Datasets/ACDC/gt_trainval/gt/snow/train/GP040176/GP040176_frame_000994_gt_invIds.png
/home/rvl1421/Datasets/ACDC/rgb_anon/snow/train/GP040176/GP040176_frame_001034_rgb_anon.png,/home/rvl1421/Datasets/ACDC/gt_trainval_ref/gt/snow/train_ref/GP040176/GP040176_frame_001034_gt_ref_labelColor.png,/home/rvl1421/Datasets/ACDC/gt_trainval/gt/snow/train/GP040176/GP040176_frame_001034_gt_labelTrainIds.png,snow,2,0.0,0.0,/home/rvl1421/Datasets/ACDC/gt_trainval/gt/snow/train/GP040176/GP040176_frame_001034_gt_invIds.png
/home/rvl1421/Datasets/ACDC/rgb_anon/snow/train/GP040176/GP040176_frame_001049_rgb_anon.png,/home/rvl1421/Datasets/ACDC/gt_trainval_ref/gt/snow/train_ref/GP040176/GP040176_frame_001049_gt_ref_labelColor.png,/home/rvl1421/Datasets/ACDC/gt_trainval/gt/snow/train/GP040176/GP040176_frame_001049_gt_labelTrainIds.png,snow,2,0.0,0.0,/home/rvl1421/Datasets/ACDC/gt_trainval/gt/snow/train/GP040176/GP040176_frame_001049_gt_invIds.png
/home/rvl1421/Datasets/ACDC/rgb_anon/snow/train/GP050176/GP050176_frame_000021_rgb_anon.png,/home/rvl1421/Datasets/ACDC/gt_trainval_ref/gt/snow/train_ref/GP050176/GP050176_frame_000021_gt_ref_labelColor.png,/home/rvl1421/Datasets/ACDC/gt_trainval/gt/snow/train/GP050176/GP050176_frame_000021_gt_labelTrainIds.png,snow,2,0.0,0.0,/home/rvl1421/Datasets/ACDC/gt_trainval/gt/snow/train/GP050176/GP050176_frame_000021_gt_invIds.png
/home/rvl1421/Datasets/ACDC/rgb_anon/snow/train/GP050176/GP050176_frame_000047_rgb_anon.png,/home/rvl1421/Datasets/ACDC/gt_trainval_ref/gt/snow/train_ref/GP050176/GP050176_frame_000047_gt_ref_labelColor.png,/home/rvl1421/Datasets/ACDC/gt_trainval/gt/snow/train/GP050176/GP050176_frame_000047_gt_labelTrainIds.png,snow,2,0.0,0.0,/home/rvl1421/Datasets/ACDC/gt_trainval/gt/snow/train/GP050176/GP050176_frame_000047_gt_invIds.png
/home/rvl1421/Datasets/ACDC/rgb_anon/snow/train/GP050176/GP050176_frame_000068_rgb_anon.png,/home/rvl1421/Datasets/ACDC/gt_trainval_ref/gt/snow/train_ref/GP050176/GP050176_frame_000068_gt_ref_labelColor.png,/home/rvl1421/Datasets/ACDC/gt_trainval/gt/snow/train/GP050176/GP050176_frame_000068_gt_labelTrainIds.png,snow,2,0.0,0.0,/home/rvl1421/Datasets/ACDC/gt_trainval/gt/snow/train/GP050176/GP050176_frame_000068_gt_invIds.png
/home/rvl1421/Datasets/ACDC/rgb_anon/snow/train/GP050176/GP050176_frame_000128_rgb_anon.png,/home/rvl1421/Datasets/ACDC/gt_trainval_ref/gt/snow/train_ref/GP050176/GP050176_frame_000128_gt_ref_labelColor.png,/home/rvl1421/Datasets/ACDC/gt_trainval/gt/snow/train/GP050176/GP050176_frame_000128_gt_labelTrainIds.png,snow,2,0.0,0.0,/home/rvl1421/Datasets/ACDC/gt_trainval/gt/snow/train/GP050176/GP050176_frame_000128_gt_invIds.png
/home/rvl1421/Datasets/ACDC/rgb_anon/snow/train/GP050176/GP050176_frame_000188_rgb_anon.png,/home/rvl1421/Datasets/ACDC/gt_trainval_ref/gt/snow/train_ref/GP050176/GP050176_frame_000188_gt_ref_labelColor.png,/home/rvl1421/Datasets/ACDC/gt_trainval/gt/snow/train/GP050176/GP050176_frame_000188_gt_labelTrainIds.png,snow,2,0.0,0.0,/home/rvl1421/Datasets/ACDC/gt_trainval/gt/snow/train/GP050176/GP050176_frame_000188_gt_invIds.png
/home/rvl1421/Datasets/ACDC/rgb_anon/snow/train/GP050176/GP050176_frame_000248_rgb_anon.png,/home/rvl1421/Datasets/ACDC/gt_trainval_ref/gt/snow/train_ref/GP050176/GP050176_frame_000248_gt_ref_labelColor.png,/home/rvl1421/Datasets/ACDC/gt_trainval/gt/snow/train/GP050176/GP050176_frame_000248_gt_labelTrainIds.png,snow,2,0.0,0.0,/home/rvl1421/Datasets/ACDC/gt_trainval/gt/snow/train/GP050176/GP050176_frame_000248_gt_invIds.png
/home/rvl1421/Datasets/ACDC/rgb_anon/snow/train/GP050176/GP050176_frame_000308_rgb_anon.png,/home/rvl1421/Datasets/ACDC/gt_trainval_ref/gt/snow/train_ref/GP050176/GP050176_frame_000308_gt_ref_labelColor.png,/home/rvl1421/Datasets/ACDC/gt_trainval/gt/snow/train/GP050176/GP050176_frame_000308_gt_labelTrainIds.png,snow,2,0.0,0.0,/home/rvl1421/Datasets/ACDC/gt_trainval/gt/snow/train/GP050176/GP050176_frame_000308_gt_invIds.png
/home/rvl1421/Datasets/ACDC/rgb_anon/snow/train/GP050176/GP050176_frame_000362_rgb_anon.png,/home/rvl1421/Datasets/ACDC/gt_trainval_ref/gt/snow/train_ref/GP050176/GP050176_frame_000362_gt_ref_labelColor.png,/home/rvl1421/Datasets/ACDC/gt_trainval/gt/snow/train/GP050176/GP050176_frame_000362_gt_labelTrainIds.png,snow,2,0.0,0.0,/home/rvl1421/Datasets/ACDC/gt_trainval/gt/snow/train/GP050176/GP050176_frame_000362_gt_invIds.png
/home/rvl1421/Datasets/ACDC/rgb_anon/snow/train/GP050176/GP050176_frame_000431_rgb_anon.png,/home/rvl1421/Datasets/ACDC/gt_trainval_ref/gt/snow/train_ref/GP050176/GP050176_frame_000431_gt_ref_labelColor.png,/home/rvl1421/Datasets/ACDC/gt_trainval/gt/snow/train/GP050176/GP050176_frame_000431_gt_labelTrainIds.png,snow,2,0.0,0.0,/home/rvl1421/Datasets/ACDC/gt_trainval/gt/snow/train/GP050176/GP050176_frame_000431_gt_invIds.png
/home/rvl1421/Datasets/ACDC/rgb_anon/snow/train/GP050176/GP050176_frame_000452_rgb_anon.png,/home/rvl1421/Datasets/ACDC/gt_trainval_ref/gt/snow/train_ref/GP050176/GP050176_frame_000452_gt_ref_labelColor.png,/home/rvl1421/Datasets/ACDC/gt_trainval/gt/snow/train/GP050176/GP050176_frame_000452_gt_labelTrainIds.png,snow,2,0.0,0.0,/home/rvl1421/Datasets/ACDC/gt_trainval/gt/snow/train/GP050176/GP050176_frame_000452_gt_invIds.png
/home/rvl1421/Datasets/ACDC/rgb_anon/snow/train/GP050176/GP050176_frame_000469_rgb_anon.png,/home/rvl1421/Datasets/ACDC/gt_trainval_ref/gt/snow/train_ref/GP050176/GP050176_frame_000469_gt_ref_labelColor.png,/home/rvl1421/Datasets/ACDC/gt_trainval/gt/snow/train/GP050176/GP050176_frame_000469_gt_labelTrainIds.png,snow,2,0.0,0.0,/home/rvl1421/Datasets/ACDC/gt_trainval/gt/snow/train/GP050176/GP050176_frame_000469_gt_invIds.png
/home/rvl1421/Datasets/ACDC/rgb_anon/snow/train/GP050176/GP050176_frame_000589_rgb_anon.png,/home/rvl1421/Datasets/ACDC/gt_trainval_ref/gt/snow/train_ref/GP050176/GP050176_frame_000589_gt_ref_labelColor.png,/home/rvl1421/Datasets/ACDC/gt_trainval/gt/snow/train/GP050176/GP050176_frame_000589_gt_labelTrainIds.png,snow,2,0.0,0.0,/home/rvl1421/Datasets/ACDC/gt_trainval/gt/snow/train/GP050176/GP050176_frame_000589_gt_invIds.png
/home/rvl1421/Datasets/ACDC/rgb_anon/snow/train/GP050176/GP050176_frame_000629_rgb_anon.png,/home/rvl1421/Datasets/ACDC/gt_trainval_ref/gt/snow/train_ref/GP050176/GP050176_frame_000629_gt_ref_labelColor.png,/home/rvl1421/Datasets/ACDC/gt_trainval/gt/snow/train/GP050176/GP050176_frame_000629_gt_labelTrainIds.png,snow,2,0.0,0.0,/home/rvl1421/Datasets/ACDC/gt_trainval/gt/snow/train/GP050176/GP050176_frame_000629_gt_invIds.png
/home/rvl1421/Datasets/ACDC/rgb_anon/snow/train/GP050176/GP050176_frame_000669_rgb_anon.png,/home/rvl1421/Datasets/ACDC/gt_trainval_ref/gt/snow/train_ref/GP050176/GP050176_frame_000669_gt_ref_labelColor.png,/home/rvl1421/Datasets/ACDC/gt_trainval/gt/snow/train/GP050176/GP050176_frame_000669_gt_labelTrainIds.png,snow,2,0.0,0.0,/home/rvl1421/Datasets/ACDC/gt_trainval/gt/snow/train/GP050176/GP050176_frame_000669_gt_invIds.png
/home/rvl1421/Datasets/ACDC/rgb_anon/snow/train/GP050176/GP050176_frame_000703_rgb_anon.png,/home/rvl1421/Datasets/ACDC/gt_trainval_ref/gt/snow/train_ref/GP050176/GP050176_frame_000703_gt_ref_labelColor.png,/home/rvl1421/Datasets/ACDC/gt_trainval/gt/snow/train/GP050176/GP050176_frame_000703_gt_labelTrainIds.png,snow,2,0.0,0.0,/home/rvl1421/Datasets/ACDC/gt_trainval/gt/snow/train/GP050176/GP050176_frame_000703_gt_invIds.png
/home/rvl1421/Datasets/ACDC/rgb_anon/snow/train/GP050176/GP050176_frame_000743_rgb_anon.png,/home/rvl1421/Datasets/ACDC/gt_trainval_ref/gt/snow/train_ref/GP050176/GP050176_frame_000743_gt_ref_labelColor.png,/home/rvl1421/Datasets/ACDC/gt_trainval/gt/snow/train/GP050176/GP050176_frame_000743_gt_labelTrainIds.png,snow,2,0.0,0.0,/home/rvl1421/Datasets/ACDC/gt_trainval/gt/snow/train/GP050176/GP050176_frame_000743_gt_invIds.png
/home/rvl1421/Datasets/ACDC/rgb_anon/snow/train/GP050176/GP050176_frame_000779_rgb_anon.png,/home/rvl1421/Datasets/ACDC/gt_trainval_ref/gt/snow/train_ref/GP050176/GP050176_frame_000779_gt_ref_labelColor.png,/home/rvl1421/Datasets/ACDC/gt_trainval/gt/snow/train/GP050176/GP050176_frame_000779_gt_labelTrainIds.png,snow,2,0.0,0.0,/home/rvl1421/Datasets/ACDC/gt_trainval/gt/snow/train/GP050176/GP050176_frame_000779_gt_invIds.png
/home/rvl1421/Datasets/ACDC/rgb_anon/snow/train/GP050176/GP050176_frame_000794_rgb_anon.png,/home/rvl1421/Datasets/ACDC/gt_trainval_ref/gt/snow/train_ref/GP050176/GP050176_frame_000794_gt_ref_labelColor.png,/home/rvl1421/Datasets/ACDC/gt_trainval/gt/snow/train/GP050176/GP050176_frame_000794_gt_labelTrainIds.png,snow,2,0.0,0.0,/home/rvl1421/Datasets/ACDC/gt_trainval/gt/snow/train/GP050176/GP050176_frame_000794_gt_invIds.png
/home/rvl1421/Datasets/ACDC/rgb_anon/snow/train/GP050176/GP050176_frame_000807_rgb_anon.png,/home/rvl1421/Datasets/ACDC/gt_trainval_ref/gt/snow/train_ref/GP050176/GP050176_frame_000807_gt_ref_labelColor.png,/home/rvl1421/Datasets/ACDC/gt_trainval/gt/snow/train/GP050176/GP050176_frame_000807_gt_labelTrainIds.png,snow,2,0.0,0.0,/home/rvl1421/Datasets/ACDC/gt_trainval/gt/snow/train/GP050176/GP050176_frame_000807_gt_invIds.png
/home/rvl1421/Datasets/ACDC/rgb_anon/snow/train/GP050176/GP050176_frame_000833_rgb_anon.png,/home/rvl1421/Datasets/ACDC/gt_trainval_ref/gt/snow/train_ref/GP050176/GP050176_frame_000833_gt_ref_labelColor.png,/home/rvl1421/Datasets/ACDC/gt_trainval/gt/snow/train/GP050176/GP050176_frame_000833_gt_labelTrainIds.png,snow,2,0.0,0.0,/home/rvl1421/Datasets/ACDC/gt_trainval/gt/snow/train/GP050176/GP050176_frame_000833_gt_invIds.png
/home/rvl1421/Datasets/ACDC/rgb_anon/snow/train/GP050176/GP050176_frame_000873_rgb_anon.png,/home/rvl1421/Datasets/ACDC/gt_trainval_ref/gt/snow/train_ref/GP050176/GP050176_frame_000873_gt_ref_labelColor.png,/home/rvl1421/Datasets/ACDC/gt_trainval/gt/snow/train/GP050176/GP050176_frame_000873_gt_labelTrainIds.png,snow,2,0.0,0.0,/home/rvl1421/Datasets/ACDC/gt_trainval/gt/snow/train/GP050176/GP050176_frame_000873_gt_invIds.png
/home/rvl1421/Datasets/ACDC/rgb_anon/snow/train/GP050176/GP050176_frame_000891_rgb_anon.png,/home/rvl1421/Datasets/ACDC/gt_trainval_ref/gt/snow/train_ref/GP050176/GP050176_frame_000891_gt_ref_labelColor.png,/home/rvl1421/Datasets/ACDC/gt_trainval/gt/snow/train/GP050176/GP050176_frame_000891_gt_labelTrainIds.png,snow,2,0.0,0.0,/home/rvl1421/Datasets/ACDC/gt_trainval/gt/snow/train/GP050176/GP050176_frame_000891_gt_invIds.png
/home/rvl1421/Datasets/ACDC/rgb_anon/snow/train/GP050176/GP050176_frame_000902_rgb_anon.png,/home/rvl1421/Datasets/ACDC/gt_trainval_ref/gt/snow/train_ref/GP050176/GP050176_frame_000902_gt_ref_labelColor.png,/home/rvl1421/Datasets/ACDC/gt_trainval/gt/snow/train/GP050176/GP050176_frame_000902_gt_labelTrainIds.png,snow,2,0.0,0.0,/home/rvl1421/Datasets/ACDC/gt_trainval/gt/snow/train/GP050176/GP050176_frame_000902_gt_invIds.png
/home/rvl1421/Datasets/ACDC/rgb_anon/snow/train/GP050176/GP050176_frame_000952_rgb_anon.png,/home/rvl1421/Datasets/ACDC/gt_trainval_ref/gt/snow/train_ref/GP050176/GP050176_frame_000952_gt_ref_labelColor.png,/home/rvl1421/Datasets/ACDC/gt_trainval/gt/snow/train/GP050176/GP050176_frame_000952_gt_labelTrainIds.png,snow,2,0.0,0.0,/home/rvl1421/Datasets/ACDC/gt_trainval/gt/snow/train/GP050176/GP050176_frame_000952_gt_invIds.png
